set	case	family	method	iteration	relative_true_residual
cycle-holdout-v2	cover-latin-seed-700	cover-latin	baseline-symmetric-map	0	1.000000000000e0
cycle-holdout-v2	cover-latin-seed-700	cover-latin	baseline-symmetric-map	1	3.737422262323e-2
cycle-holdout-v2	cover-latin-seed-700	cover-latin	baseline-symmetric-map	2	9.339790260676e-3
cycle-holdout-v2	cover-latin-seed-700	cover-latin	baseline-symmetric-map	3	2.277352033959e-3
cycle-holdout-v2	cover-latin-seed-700	cover-latin	baseline-symmetric-map	4	7.075330742116e-4
cycle-holdout-v2	cover-latin-seed-700	cover-latin	baseline-symmetric-map	5	2.477540688624e-4
cycle-holdout-v2	cover-latin-seed-700	cover-latin	baseline-symmetric-map	6	6.632974941776e-5
cycle-holdout-v2	cover-latin-seed-700	cover-latin	baseline-symmetric-map	7	1.564248111396e-5
cycle-holdout-v2	cover-latin-seed-700	cover-latin	baseline-symmetric-map	8	3.111486966907e-6
cycle-holdout-v2	cover-latin-seed-700	cover-latin	baseline-symmetric-map	9	6.167360205709e-7
cycle-holdout-v2	cover-latin-seed-700	cover-latin	baseline-symmetric-map	10	1.302679021424e-7
cycle-holdout-v2	cover-latin-seed-700	cover-latin	baseline-symmetric-map	11	2.603179207226e-8
cycle-holdout-v2	cover-latin-seed-700	cover-latin	baseline-symmetric-map	12	5.157663554687e-9
cycle-holdout-v2	cover-latin-seed-700	cover-latin	baseline-symmetric-map	13	1.032692495385e-9
cycle-holdout-v2	cover-latin-seed-700	cover-latin	baseline-symmetric-map	14	1.034010908631e-10
cycle-holdout-v2	cover-latin-seed-700	cover-latin	baseline-symmetric-map	15	1.711350877085e-11
cycle-holdout-v2	cover-latin-seed-700	cover-latin	oracle	0	1.000000000000e0
cycle-holdout-v2	cover-latin-seed-700	cover-latin	oracle	1	1.343531507122e-2
cycle-holdout-v2	cover-latin-seed-700	cover-latin	oracle	2	1.780804706998e-3
cycle-holdout-v2	cover-latin-seed-700	cover-latin	oracle	3	3.497554166101e-4
cycle-holdout-v2	cover-latin-seed-700	cover-latin	oracle	4	5.361238289559e-5
cycle-holdout-v2	cover-latin-seed-700	cover-latin	oracle	5	7.104880169804e-6
cycle-holdout-v2	cover-latin-seed-700	cover-latin	oracle	6	5.758843582614e-7
cycle-holdout-v2	cover-latin-seed-700	cover-latin	oracle	7	5.872841716667e-8
cycle-holdout-v2	cover-latin-seed-700	cover-latin	oracle	8	5.376278330699e-9
cycle-holdout-v2	cover-latin-seed-700	cover-latin	oracle	9	4.422077845801e-10
cycle-holdout-v2	cover-latin-seed-700	cover-latin	oracle	10	2.604382379760e-11
cycle-holdout-v2	cover-latin-seed-700	cover-latin	one-shot-pair-neighborhood	0	1.000000000000e0
cycle-holdout-v2	cover-latin-seed-700	cover-latin	one-shot-pair-neighborhood	1	7.062215949583e-3
cycle-holdout-v2	cover-latin-seed-700	cover-latin	one-shot-pair-neighborhood	2	4.472001790748e-4
cycle-holdout-v2	cover-latin-seed-700	cover-latin	one-shot-pair-neighborhood	3	2.639144062712e-5
cycle-holdout-v2	cover-latin-seed-700	cover-latin	one-shot-pair-neighborhood	4	1.702319763242e-6
cycle-holdout-v2	cover-latin-seed-700	cover-latin	one-shot-pair-neighborhood	5	1.395607109017e-7
cycle-holdout-v2	cover-latin-seed-700	cover-latin	one-shot-pair-neighborhood	6	9.827812648246e-9
cycle-holdout-v2	cover-latin-seed-700	cover-latin	one-shot-pair-neighborhood	7	3.247269070417e-10
cycle-holdout-v2	cover-latin-seed-700	cover-latin	one-shot-pair-neighborhood	8	2.133003412306e-11
cycle-holdout-v2	cover-latin-seed-700	cover-latin	primary-bootstrap-final	0	1.000000000000e0
cycle-holdout-v2	cover-latin-seed-700	cover-latin	primary-bootstrap-final	1	7.062215949583e-3
cycle-holdout-v2	cover-latin-seed-700	cover-latin	primary-bootstrap-final	2	4.472001790748e-4
cycle-holdout-v2	cover-latin-seed-700	cover-latin	primary-bootstrap-final	3	2.639144062712e-5
cycle-holdout-v2	cover-latin-seed-700	cover-latin	primary-bootstrap-final	4	1.702319763242e-6
cycle-holdout-v2	cover-latin-seed-700	cover-latin	primary-bootstrap-final	5	1.395607109017e-7
cycle-holdout-v2	cover-latin-seed-700	cover-latin	primary-bootstrap-final	6	9.827812648246e-9
cycle-holdout-v2	cover-latin-seed-700	cover-latin	primary-bootstrap-final	7	3.247269070417e-10
cycle-holdout-v2	cover-latin-seed-700	cover-latin	primary-bootstrap-final	8	2.133003412306e-11
cycle-holdout-v2	cover-latin-seed-700	cover-latin	cycle-portfolio-final	0	1.000000000000e0
cycle-holdout-v2	cover-latin-seed-700	cover-latin	cycle-portfolio-final	1	7.062215949583e-3
cycle-holdout-v2	cover-latin-seed-700	cover-latin	cycle-portfolio-final	2	4.472001790748e-4
cycle-holdout-v2	cover-latin-seed-700	cover-latin	cycle-portfolio-final	3	2.639144062712e-5
cycle-holdout-v2	cover-latin-seed-700	cover-latin	cycle-portfolio-final	4	1.702319763242e-6
cycle-holdout-v2	cover-latin-seed-700	cover-latin	cycle-portfolio-final	5	1.395607109017e-7
cycle-holdout-v2	cover-latin-seed-700	cover-latin	cycle-portfolio-final	6	9.827812648246e-9
cycle-holdout-v2	cover-latin-seed-700	cover-latin	cycle-portfolio-final	7	3.247269070417e-10
cycle-holdout-v2	cover-latin-seed-700	cover-latin	cycle-portfolio-final	8	2.133003412306e-11
cycle-holdout-v2	cover-latin-seed-701	cover-latin	baseline-symmetric-map	0	1.000000000000e0
cycle-holdout-v2	cover-latin-seed-701	cover-latin	baseline-symmetric-map	1	3.343561582316e-2
cycle-holdout-v2	cover-latin-seed-701	cover-latin	baseline-symmetric-map	2	8.981672731641e-3
cycle-holdout-v2	cover-latin-seed-701	cover-latin	baseline-symmetric-map	3	2.493115927390e-3
cycle-holdout-v2	cover-latin-seed-701	cover-latin	baseline-symmetric-map	4	5.691576246889e-4
cycle-holdout-v2	cover-latin-seed-701	cover-latin	baseline-symmetric-map	5	1.371358903662e-4
cycle-holdout-v2	cover-latin-seed-701	cover-latin	baseline-symmetric-map	6	4.055392401240e-5
cycle-holdout-v2	cover-latin-seed-701	cover-latin	baseline-symmetric-map	7	1.095155573504e-5
cycle-holdout-v2	cover-latin-seed-701	cover-latin	baseline-symmetric-map	8	2.069303753317e-6
cycle-holdout-v2	cover-latin-seed-701	cover-latin	baseline-symmetric-map	9	5.010656244636e-7
cycle-holdout-v2	cover-latin-seed-701	cover-latin	baseline-symmetric-map	10	1.110620587246e-7
cycle-holdout-v2	cover-latin-seed-701	cover-latin	baseline-symmetric-map	11	2.080048806476e-8
cycle-holdout-v2	cover-latin-seed-701	cover-latin	baseline-symmetric-map	12	3.656666689413e-9
cycle-holdout-v2	cover-latin-seed-701	cover-latin	baseline-symmetric-map	13	6.461039022021e-10
cycle-holdout-v2	cover-latin-seed-701	cover-latin	baseline-symmetric-map	14	9.513471427602e-11
cycle-holdout-v2	cover-latin-seed-701	cover-latin	oracle	0	1.000000000000e0
cycle-holdout-v2	cover-latin-seed-701	cover-latin	oracle	1	1.197035599441e-2
cycle-holdout-v2	cover-latin-seed-701	cover-latin	oracle	2	1.813315846027e-3
cycle-holdout-v2	cover-latin-seed-701	cover-latin	oracle	3	2.217488934935e-4
cycle-holdout-v2	cover-latin-seed-701	cover-latin	oracle	4	3.167589393543e-5
cycle-holdout-v2	cover-latin-seed-701	cover-latin	oracle	5	4.591452399047e-6
cycle-holdout-v2	cover-latin-seed-701	cover-latin	oracle	6	4.325213241943e-7
cycle-holdout-v2	cover-latin-seed-701	cover-latin	oracle	7	4.658736992704e-8
cycle-holdout-v2	cover-latin-seed-701	cover-latin	oracle	8	4.726525077627e-9
cycle-holdout-v2	cover-latin-seed-701	cover-latin	oracle	9	2.927724788166e-10
cycle-holdout-v2	cover-latin-seed-701	cover-latin	oracle	10	1.812997535293e-11
cycle-holdout-v2	cover-latin-seed-701	cover-latin	one-shot-pair-neighborhood	0	1.000000000000e0
cycle-holdout-v2	cover-latin-seed-701	cover-latin	one-shot-pair-neighborhood	1	5.679465053466e-3
cycle-holdout-v2	cover-latin-seed-701	cover-latin	one-shot-pair-neighborhood	2	3.699967036341e-4
cycle-holdout-v2	cover-latin-seed-701	cover-latin	one-shot-pair-neighborhood	3	1.780649153631e-5
cycle-holdout-v2	cover-latin-seed-701	cover-latin	one-shot-pair-neighborhood	4	1.535239817883e-6
cycle-holdout-v2	cover-latin-seed-701	cover-latin	one-shot-pair-neighborhood	5	6.820971885576e-8
cycle-holdout-v2	cover-latin-seed-701	cover-latin	one-shot-pair-neighborhood	6	3.095476782414e-9
cycle-holdout-v2	cover-latin-seed-701	cover-latin	one-shot-pair-neighborhood	7	1.627280981681e-10
cycle-holdout-v2	cover-latin-seed-701	cover-latin	one-shot-pair-neighborhood	8	6.828393779635e-12
cycle-holdout-v2	cover-latin-seed-701	cover-latin	primary-bootstrap-final	0	1.000000000000e0
cycle-holdout-v2	cover-latin-seed-701	cover-latin	primary-bootstrap-final	1	5.679465053466e-3
cycle-holdout-v2	cover-latin-seed-701	cover-latin	primary-bootstrap-final	2	3.699967036341e-4
cycle-holdout-v2	cover-latin-seed-701	cover-latin	primary-bootstrap-final	3	1.780649153631e-5
cycle-holdout-v2	cover-latin-seed-701	cover-latin	primary-bootstrap-final	4	1.535239817883e-6
cycle-holdout-v2	cover-latin-seed-701	cover-latin	primary-bootstrap-final	5	6.820971885576e-8
cycle-holdout-v2	cover-latin-seed-701	cover-latin	primary-bootstrap-final	6	3.095476782414e-9
cycle-holdout-v2	cover-latin-seed-701	cover-latin	primary-bootstrap-final	7	1.627280981681e-10
cycle-holdout-v2	cover-latin-seed-701	cover-latin	primary-bootstrap-final	8	6.828393779635e-12
cycle-holdout-v2	cover-latin-seed-701	cover-latin	cycle-portfolio-final	0	1.000000000000e0
cycle-holdout-v2	cover-latin-seed-701	cover-latin	cycle-portfolio-final	1	5.679465053466e-3
cycle-holdout-v2	cover-latin-seed-701	cover-latin	cycle-portfolio-final	2	3.699967036341e-4
cycle-holdout-v2	cover-latin-seed-701	cover-latin	cycle-portfolio-final	3	1.780649153631e-5
cycle-holdout-v2	cover-latin-seed-701	cover-latin	cycle-portfolio-final	4	1.535239817883e-6
cycle-holdout-v2	cover-latin-seed-701	cover-latin	cycle-portfolio-final	5	6.820971885576e-8
cycle-holdout-v2	cover-latin-seed-701	cover-latin	cycle-portfolio-final	6	3.095476782414e-9
cycle-holdout-v2	cover-latin-seed-701	cover-latin	cycle-portfolio-final	7	1.627280981681e-10
cycle-holdout-v2	cover-latin-seed-701	cover-latin	cycle-portfolio-final	8	6.828393779635e-12
cycle-holdout-v2	cover-weak-chain-seed-702	cover-weak-chain	baseline-symmetric-map	0	1.000000000000e0
cycle-holdout-v2	cover-weak-chain-seed-702	cover-weak-chain	baseline-symmetric-map	1	4.175202587372e-3
cycle-holdout-v2	cover-weak-chain-seed-702	cover-weak-chain	baseline-symmetric-map	2	3.163493992077e-3
cycle-holdout-v2	cover-weak-chain-seed-702	cover-weak-chain	baseline-symmetric-map	3	2.858007116572e-3
cycle-holdout-v2	cover-weak-chain-seed-702	cover-weak-chain	baseline-symmetric-map	4	2.353095712769e-3
cycle-holdout-v2	cover-weak-chain-seed-702	cover-weak-chain	baseline-symmetric-map	5	1.748830697457e-3
cycle-holdout-v2	cover-weak-chain-seed-702	cover-weak-chain	baseline-symmetric-map	6	1.421375491408e-3
cycle-holdout-v2	cover-weak-chain-seed-702	cover-weak-chain	baseline-symmetric-map	7	1.238996078171e-3
cycle-holdout-v2	cover-weak-chain-seed-702	cover-weak-chain	baseline-symmetric-map	8	1.101567530165e-3
cycle-holdout-v2	cover-weak-chain-seed-702	cover-weak-chain	baseline-symmetric-map	9	7.616035719395e-4
cycle-holdout-v2	cover-weak-chain-seed-702	cover-weak-chain	baseline-symmetric-map	10	6.376679731007e-4
cycle-holdout-v2	cover-weak-chain-seed-702	cover-weak-chain	baseline-symmetric-map	11	1.063457062200e-3
cycle-holdout-v2	cover-weak-chain-seed-702	cover-weak-chain	baseline-symmetric-map	12	5.747414854198e-4
cycle-holdout-v2	cover-weak-chain-seed-702	cover-weak-chain	baseline-symmetric-map	13	2.528994477727e-4
cycle-holdout-v2	cover-weak-chain-seed-702	cover-weak-chain	baseline-symmetric-map	14	1.654477725795e-4
cycle-holdout-v2	cover-weak-chain-seed-702	cover-weak-chain	baseline-symmetric-map	15	1.473490870814e-4
cycle-holdout-v2	cover-weak-chain-seed-702	cover-weak-chain	baseline-symmetric-map	16	1.299425645960e-4
cycle-holdout-v2	cover-weak-chain-seed-702	cover-weak-chain	baseline-symmetric-map	17	1.068914927502e-4
cycle-holdout-v2	cover-weak-chain-seed-702	cover-weak-chain	baseline-symmetric-map	18	8.058522360671e-5
cycle-holdout-v2	cover-weak-chain-seed-702	cover-weak-chain	baseline-symmetric-map	19	7.855859976927e-5
cycle-holdout-v2	cover-weak-chain-seed-702	cover-weak-chain	baseline-symmetric-map	20	8.347001271847e-5
cycle-holdout-v2	cover-weak-chain-seed-702	cover-weak-chain	baseline-symmetric-map	21	2.795293909339e-4
cycle-holdout-v2	cover-weak-chain-seed-702	cover-weak-chain	baseline-symmetric-map	22	6.046529197396e-5
cycle-holdout-v2	cover-weak-chain-seed-702	cover-weak-chain	baseline-symmetric-map	23	4.730249125417e-5
cycle-holdout-v2	cover-weak-chain-seed-702	cover-weak-chain	baseline-symmetric-map	24	3.935257029964e-5
cycle-holdout-v2	cover-weak-chain-seed-702	cover-weak-chain	baseline-symmetric-map	25	2.924903078139e-5
cycle-holdout-v2	cover-weak-chain-seed-702	cover-weak-chain	baseline-symmetric-map	26	1.888438547028e-5
cycle-holdout-v2	cover-weak-chain-seed-702	cover-weak-chain	baseline-symmetric-map	27	2.008027083277e-5
cycle-holdout-v2	cover-weak-chain-seed-702	cover-weak-chain	baseline-symmetric-map	28	2.050915536257e-5
cycle-holdout-v2	cover-weak-chain-seed-702	cover-weak-chain	baseline-symmetric-map	29	1.835879664839e-5
cycle-holdout-v2	cover-weak-chain-seed-702	cover-weak-chain	baseline-symmetric-map	30	4.725279628545e-5
cycle-holdout-v2	cover-weak-chain-seed-702	cover-weak-chain	baseline-symmetric-map	31	2.568470422648e-5
cycle-holdout-v2	cover-weak-chain-seed-702	cover-weak-chain	baseline-symmetric-map	32	1.639797415084e-5
cycle-holdout-v2	cover-weak-chain-seed-702	cover-weak-chain	baseline-symmetric-map	33	1.088971227387e-5
cycle-holdout-v2	cover-weak-chain-seed-702	cover-weak-chain	baseline-symmetric-map	34	8.804238909396e-6
cycle-holdout-v2	cover-weak-chain-seed-702	cover-weak-chain	baseline-symmetric-map	35	9.412455665328e-6
cycle-holdout-v2	cover-weak-chain-seed-702	cover-weak-chain	baseline-symmetric-map	36	7.512012218966e-6
cycle-holdout-v2	cover-weak-chain-seed-702	cover-weak-chain	baseline-symmetric-map	37	6.316652690914e-6
cycle-holdout-v2	cover-weak-chain-seed-702	cover-weak-chain	baseline-symmetric-map	38	5.470565556810e-6
cycle-holdout-v2	cover-weak-chain-seed-702	cover-weak-chain	baseline-symmetric-map	39	2.550492201872e-5
cycle-holdout-v2	cover-weak-chain-seed-702	cover-weak-chain	baseline-symmetric-map	40	5.010779304832e-6
cycle-holdout-v2	cover-weak-chain-seed-702	cover-weak-chain	baseline-symmetric-map	41	4.989784212773e-6
cycle-holdout-v2	cover-weak-chain-seed-702	cover-weak-chain	baseline-symmetric-map	42	4.529162027666e-6
cycle-holdout-v2	cover-weak-chain-seed-702	cover-weak-chain	baseline-symmetric-map	43	3.623528522755e-6
cycle-holdout-v2	cover-weak-chain-seed-702	cover-weak-chain	baseline-symmetric-map	44	2.826027322668e-6
cycle-holdout-v2	cover-weak-chain-seed-702	cover-weak-chain	baseline-symmetric-map	45	2.389596910519e-6
cycle-holdout-v2	cover-weak-chain-seed-702	cover-weak-chain	baseline-symmetric-map	46	2.147895224452e-6
cycle-holdout-v2	cover-weak-chain-seed-702	cover-weak-chain	baseline-symmetric-map	47	5.391420596857e-6
cycle-holdout-v2	cover-weak-chain-seed-702	cover-weak-chain	baseline-symmetric-map	48	2.099280568695e-6
cycle-holdout-v2	cover-weak-chain-seed-702	cover-weak-chain	baseline-symmetric-map	49	1.717715825318e-6
cycle-holdout-v2	cover-weak-chain-seed-702	cover-weak-chain	baseline-symmetric-map	50	1.567511883077e-6
cycle-holdout-v2	cover-weak-chain-seed-702	cover-weak-chain	baseline-symmetric-map	51	1.182328167309e-6
cycle-holdout-v2	cover-weak-chain-seed-702	cover-weak-chain	baseline-symmetric-map	52	1.001490216531e-6
cycle-holdout-v2	cover-weak-chain-seed-702	cover-weak-chain	baseline-symmetric-map	53	6.267000093942e-7
cycle-holdout-v2	cover-weak-chain-seed-702	cover-weak-chain	baseline-symmetric-map	54	5.627360650595e-7
cycle-holdout-v2	cover-weak-chain-seed-702	cover-weak-chain	baseline-symmetric-map	55	1.697632595218e-6
cycle-holdout-v2	cover-weak-chain-seed-702	cover-weak-chain	baseline-symmetric-map	56	3.122431742053e-7
cycle-holdout-v2	cover-weak-chain-seed-702	cover-weak-chain	baseline-symmetric-map	57	3.417892221839e-7
cycle-holdout-v2	cover-weak-chain-seed-702	cover-weak-chain	baseline-symmetric-map	58	3.006173145861e-7
cycle-holdout-v2	cover-weak-chain-seed-702	cover-weak-chain	baseline-symmetric-map	59	3.365108756260e-7
cycle-holdout-v2	cover-weak-chain-seed-702	cover-weak-chain	baseline-symmetric-map	60	3.209655160727e-7
cycle-holdout-v2	cover-weak-chain-seed-702	cover-weak-chain	baseline-symmetric-map	61	2.244928225228e-7
cycle-holdout-v2	cover-weak-chain-seed-702	cover-weak-chain	baseline-symmetric-map	62	8.307851026328e-7
cycle-holdout-v2	cover-weak-chain-seed-702	cover-weak-chain	baseline-symmetric-map	63	1.999534579788e-7
cycle-holdout-v2	cover-weak-chain-seed-702	cover-weak-chain	baseline-symmetric-map	64	1.276930202008e-7
cycle-holdout-v2	cover-weak-chain-seed-702	cover-weak-chain	baseline-symmetric-map	65	8.305478054445e-8
cycle-holdout-v2	cover-weak-chain-seed-702	cover-weak-chain	baseline-symmetric-map	66	5.252774781956e-8
cycle-holdout-v2	cover-weak-chain-seed-702	cover-weak-chain	baseline-symmetric-map	67	4.443761710464e-8
cycle-holdout-v2	cover-weak-chain-seed-702	cover-weak-chain	baseline-symmetric-map	68	3.553843374586e-8
cycle-holdout-v2	cover-weak-chain-seed-702	cover-weak-chain	baseline-symmetric-map	69	8.942159967656e-8
cycle-holdout-v2	cover-weak-chain-seed-702	cover-weak-chain	baseline-symmetric-map	70	3.995658759767e-8
cycle-holdout-v2	cover-weak-chain-seed-702	cover-weak-chain	baseline-symmetric-map	71	3.518234255584e-8
cycle-holdout-v2	cover-weak-chain-seed-702	cover-weak-chain	baseline-symmetric-map	72	1.886297248805e-8
cycle-holdout-v2	cover-weak-chain-seed-702	cover-weak-chain	baseline-symmetric-map	73	1.793694571264e-8
cycle-holdout-v2	cover-weak-chain-seed-702	cover-weak-chain	baseline-symmetric-map	74	1.524793916056e-8
cycle-holdout-v2	cover-weak-chain-seed-702	cover-weak-chain	baseline-symmetric-map	75	1.344632016353e-8
cycle-holdout-v2	cover-weak-chain-seed-702	cover-weak-chain	baseline-symmetric-map	76	1.619368605613e-8
cycle-holdout-v2	cover-weak-chain-seed-702	cover-weak-chain	baseline-symmetric-map	77	1.264566579794e-8
cycle-holdout-v2	cover-weak-chain-seed-702	cover-weak-chain	baseline-symmetric-map	78	7.560398888520e-9
cycle-holdout-v2	cover-weak-chain-seed-702	cover-weak-chain	baseline-symmetric-map	79	5.127587692316e-9
cycle-holdout-v2	cover-weak-chain-seed-702	cover-weak-chain	baseline-symmetric-map	80	5.230115879075e-9
cycle-holdout-v2	cover-weak-chain-seed-702	cover-weak-chain	baseline-symmetric-map	81	3.985029196579e-9
cycle-holdout-v2	cover-weak-chain-seed-702	cover-weak-chain	baseline-symmetric-map	82	5.360017195647e-9
cycle-holdout-v2	cover-weak-chain-seed-702	cover-weak-chain	baseline-symmetric-map	83	1.255687613367e-8
cycle-holdout-v2	cover-weak-chain-seed-702	cover-weak-chain	baseline-symmetric-map	84	4.776329378831e-9
cycle-holdout-v2	cover-weak-chain-seed-702	cover-weak-chain	baseline-symmetric-map	85	3.385979098298e-9
cycle-holdout-v2	cover-weak-chain-seed-702	cover-weak-chain	baseline-symmetric-map	86	2.655231765720e-9
cycle-holdout-v2	cover-weak-chain-seed-702	cover-weak-chain	baseline-symmetric-map	87	2.383860657905e-9
cycle-holdout-v2	cover-weak-chain-seed-702	cover-weak-chain	baseline-symmetric-map	88	3.108459418297e-9
cycle-holdout-v2	cover-weak-chain-seed-702	cover-weak-chain	baseline-symmetric-map	89	1.423100314315e-9
cycle-holdout-v2	cover-weak-chain-seed-702	cover-weak-chain	baseline-symmetric-map	90	1.081728781619e-9
cycle-holdout-v2	cover-weak-chain-seed-702	cover-weak-chain	baseline-symmetric-map	91	9.441653128332e-10
cycle-holdout-v2	cover-weak-chain-seed-702	cover-weak-chain	baseline-symmetric-map	92	1.147872032339e-9
cycle-holdout-v2	cover-weak-chain-seed-702	cover-weak-chain	baseline-symmetric-map	93	5.999732192841e-10
cycle-holdout-v2	cover-weak-chain-seed-702	cover-weak-chain	baseline-symmetric-map	94	2.874873895877e-9
cycle-holdout-v2	cover-weak-chain-seed-702	cover-weak-chain	baseline-symmetric-map	95	6.391662412045e-10
cycle-holdout-v2	cover-weak-chain-seed-702	cover-weak-chain	baseline-symmetric-map	96	4.109624841542e-10
cycle-holdout-v2	cover-weak-chain-seed-702	cover-weak-chain	baseline-symmetric-map	97	2.213940802800e-10
cycle-holdout-v2	cover-weak-chain-seed-702	cover-weak-chain	baseline-symmetric-map	98	8.691029991823e-11
cycle-holdout-v2	cover-weak-chain-seed-702	cover-weak-chain	oracle	0	1.000000000000e0
cycle-holdout-v2	cover-weak-chain-seed-702	cover-weak-chain	oracle	1	2.652619770081e-3
cycle-holdout-v2	cover-weak-chain-seed-702	cover-weak-chain	oracle	2	1.105386596229e-3
cycle-holdout-v2	cover-weak-chain-seed-702	cover-weak-chain	oracle	3	5.581512031129e-4
cycle-holdout-v2	cover-weak-chain-seed-702	cover-weak-chain	oracle	4	4.765264271274e-4
cycle-holdout-v2	cover-weak-chain-seed-702	cover-weak-chain	oracle	5	3.718336795725e-4
cycle-holdout-v2	cover-weak-chain-seed-702	cover-weak-chain	oracle	6	2.152987750320e-4
cycle-holdout-v2	cover-weak-chain-seed-702	cover-weak-chain	oracle	7	1.603996203045e-4
cycle-holdout-v2	cover-weak-chain-seed-702	cover-weak-chain	oracle	8	1.430326331223e-4
cycle-holdout-v2	cover-weak-chain-seed-702	cover-weak-chain	oracle	9	1.204577059750e-4
cycle-holdout-v2	cover-weak-chain-seed-702	cover-weak-chain	oracle	10	1.152311295639e-4
cycle-holdout-v2	cover-weak-chain-seed-702	cover-weak-chain	oracle	11	8.003294281565e-5
cycle-holdout-v2	cover-weak-chain-seed-702	cover-weak-chain	oracle	12	7.153520552620e-5
cycle-holdout-v2	cover-weak-chain-seed-702	cover-weak-chain	oracle	13	5.543251413623e-5
cycle-holdout-v2	cover-weak-chain-seed-702	cover-weak-chain	oracle	14	3.968601217970e-5
cycle-holdout-v2	cover-weak-chain-seed-702	cover-weak-chain	oracle	15	4.000305883924e-5
cycle-holdout-v2	cover-weak-chain-seed-702	cover-weak-chain	oracle	16	3.958337280044e-5
cycle-holdout-v2	cover-weak-chain-seed-702	cover-weak-chain	oracle	17	3.261687518105e-5
cycle-holdout-v2	cover-weak-chain-seed-702	cover-weak-chain	oracle	18	2.641370110511e-5
cycle-holdout-v2	cover-weak-chain-seed-702	cover-weak-chain	oracle	19	1.717163504822e-5
cycle-holdout-v2	cover-weak-chain-seed-702	cover-weak-chain	oracle	20	1.538542236516e-5
cycle-holdout-v2	cover-weak-chain-seed-702	cover-weak-chain	oracle	21	1.000260205373e-5
cycle-holdout-v2	cover-weak-chain-seed-702	cover-weak-chain	oracle	22	1.003684076577e-5
cycle-holdout-v2	cover-weak-chain-seed-702	cover-weak-chain	oracle	23	9.033170410117e-6
cycle-holdout-v2	cover-weak-chain-seed-702	cover-weak-chain	oracle	24	8.671684892691e-6
cycle-holdout-v2	cover-weak-chain-seed-702	cover-weak-chain	oracle	25	9.718192918311e-6
cycle-holdout-v2	cover-weak-chain-seed-702	cover-weak-chain	oracle	26	9.403289357944e-6
cycle-holdout-v2	cover-weak-chain-seed-702	cover-weak-chain	oracle	27	7.776686663519e-6
cycle-holdout-v2	cover-weak-chain-seed-702	cover-weak-chain	oracle	28	8.019123840385e-6
cycle-holdout-v2	cover-weak-chain-seed-702	cover-weak-chain	oracle	29	7.756103532506e-6
cycle-holdout-v2	cover-weak-chain-seed-702	cover-weak-chain	oracle	30	4.934059270761e-6
cycle-holdout-v2	cover-weak-chain-seed-702	cover-weak-chain	oracle	31	5.066447440106e-6
cycle-holdout-v2	cover-weak-chain-seed-702	cover-weak-chain	oracle	32	5.028131820567e-6
cycle-holdout-v2	cover-weak-chain-seed-702	cover-weak-chain	oracle	33	3.558514423956e-6
cycle-holdout-v2	cover-weak-chain-seed-702	cover-weak-chain	oracle	34	3.254886252268e-6
cycle-holdout-v2	cover-weak-chain-seed-702	cover-weak-chain	oracle	35	3.031752697124e-6
cycle-holdout-v2	cover-weak-chain-seed-702	cover-weak-chain	oracle	36	2.818557003339e-6
cycle-holdout-v2	cover-weak-chain-seed-702	cover-weak-chain	oracle	37	2.399953325375e-6
cycle-holdout-v2	cover-weak-chain-seed-702	cover-weak-chain	oracle	38	2.322035246555e-6
cycle-holdout-v2	cover-weak-chain-seed-702	cover-weak-chain	oracle	39	2.240367251565e-6
cycle-holdout-v2	cover-weak-chain-seed-702	cover-weak-chain	oracle	40	2.104663862014e-6
cycle-holdout-v2	cover-weak-chain-seed-702	cover-weak-chain	oracle	41	1.654491752427e-6
cycle-holdout-v2	cover-weak-chain-seed-702	cover-weak-chain	oracle	42	1.279630672395e-6
cycle-holdout-v2	cover-weak-chain-seed-702	cover-weak-chain	oracle	43	1.184428388869e-6
cycle-holdout-v2	cover-weak-chain-seed-702	cover-weak-chain	oracle	44	9.147376816921e-7
cycle-holdout-v2	cover-weak-chain-seed-702	cover-weak-chain	oracle	45	6.999195122614e-7
cycle-holdout-v2	cover-weak-chain-seed-702	cover-weak-chain	oracle	46	6.444061122282e-7
cycle-holdout-v2	cover-weak-chain-seed-702	cover-weak-chain	oracle	47	6.067984335067e-7
cycle-holdout-v2	cover-weak-chain-seed-702	cover-weak-chain	oracle	48	5.093042064570e-7
cycle-holdout-v2	cover-weak-chain-seed-702	cover-weak-chain	oracle	49	4.556051237725e-7
cycle-holdout-v2	cover-weak-chain-seed-702	cover-weak-chain	oracle	50	5.269743580973e-7
cycle-holdout-v2	cover-weak-chain-seed-702	cover-weak-chain	oracle	51	5.473371349312e-7
cycle-holdout-v2	cover-weak-chain-seed-702	cover-weak-chain	oracle	52	5.391835592801e-7
cycle-holdout-v2	cover-weak-chain-seed-702	cover-weak-chain	oracle	53	4.277525176300e-7
cycle-holdout-v2	cover-weak-chain-seed-702	cover-weak-chain	oracle	54	2.396960733212e-7
cycle-holdout-v2	cover-weak-chain-seed-702	cover-weak-chain	oracle	55	2.252849692365e-7
cycle-holdout-v2	cover-weak-chain-seed-702	cover-weak-chain	oracle	56	2.036784568038e-7
cycle-holdout-v2	cover-weak-chain-seed-702	cover-weak-chain	oracle	57	1.197845941193e-7
cycle-holdout-v2	cover-weak-chain-seed-702	cover-weak-chain	oracle	58	9.211908882478e-8
cycle-holdout-v2	cover-weak-chain-seed-702	cover-weak-chain	oracle	59	8.481332950822e-8
cycle-holdout-v2	cover-weak-chain-seed-702	cover-weak-chain	oracle	60	7.615786000328e-8
cycle-holdout-v2	cover-weak-chain-seed-702	cover-weak-chain	oracle	61	5.786826836612e-8
cycle-holdout-v2	cover-weak-chain-seed-702	cover-weak-chain	oracle	62	7.076535495168e-8
cycle-holdout-v2	cover-weak-chain-seed-702	cover-weak-chain	oracle	63	5.926938675152e-8
cycle-holdout-v2	cover-weak-chain-seed-702	cover-weak-chain	oracle	64	4.428261375977e-8
cycle-holdout-v2	cover-weak-chain-seed-702	cover-weak-chain	oracle	65	3.272300655977e-8
cycle-holdout-v2	cover-weak-chain-seed-702	cover-weak-chain	oracle	66	3.105309828359e-8
cycle-holdout-v2	cover-weak-chain-seed-702	cover-weak-chain	oracle	67	2.762580132544e-8
cycle-holdout-v2	cover-weak-chain-seed-702	cover-weak-chain	oracle	68	1.686498374078e-8
cycle-holdout-v2	cover-weak-chain-seed-702	cover-weak-chain	oracle	69	1.616531393802e-8
cycle-holdout-v2	cover-weak-chain-seed-702	cover-weak-chain	oracle	70	1.199568288177e-8
cycle-holdout-v2	cover-weak-chain-seed-702	cover-weak-chain	oracle	71	1.197877493712e-8
cycle-holdout-v2	cover-weak-chain-seed-702	cover-weak-chain	oracle	72	8.132950182502e-9
cycle-holdout-v2	cover-weak-chain-seed-702	cover-weak-chain	oracle	73	7.776359814812e-9
cycle-holdout-v2	cover-weak-chain-seed-702	cover-weak-chain	oracle	74	5.249768915476e-9
cycle-holdout-v2	cover-weak-chain-seed-702	cover-weak-chain	oracle	75	5.018320379378e-9
cycle-holdout-v2	cover-weak-chain-seed-702	cover-weak-chain	oracle	76	5.154233879013e-9
cycle-holdout-v2	cover-weak-chain-seed-702	cover-weak-chain	oracle	77	4.111611097833e-9
cycle-holdout-v2	cover-weak-chain-seed-702	cover-weak-chain	oracle	78	1.591249166969e-9
cycle-holdout-v2	cover-weak-chain-seed-702	cover-weak-chain	oracle	79	1.006498831779e-9
cycle-holdout-v2	cover-weak-chain-seed-702	cover-weak-chain	oracle	80	2.370588716783e-10
cycle-holdout-v2	cover-weak-chain-seed-702	cover-weak-chain	oracle	81	1.905104877969e-10
cycle-holdout-v2	cover-weak-chain-seed-702	cover-weak-chain	oracle	82	1.838999225652e-10
cycle-holdout-v2	cover-weak-chain-seed-702	cover-weak-chain	oracle	83	1.095880735859e-10
cycle-holdout-v2	cover-weak-chain-seed-702	cover-weak-chain	oracle	84	7.477155133402e-11
cycle-holdout-v2	cover-weak-chain-seed-702	cover-weak-chain	one-shot-pair-neighborhood	0	1.000000000000e0
cycle-holdout-v2	cover-weak-chain-seed-702	cover-weak-chain	one-shot-pair-neighborhood	1	4.044946832116e-3
cycle-holdout-v2	cover-weak-chain-seed-702	cover-weak-chain	one-shot-pair-neighborhood	2	1.958497467594e-3
cycle-holdout-v2	cover-weak-chain-seed-702	cover-weak-chain	one-shot-pair-neighborhood	3	7.339723828114e-4
cycle-holdout-v2	cover-weak-chain-seed-702	cover-weak-chain	one-shot-pair-neighborhood	4	5.456511427666e-4
cycle-holdout-v2	cover-weak-chain-seed-702	cover-weak-chain	one-shot-pair-neighborhood	5	3.652326261858e-4
cycle-holdout-v2	cover-weak-chain-seed-702	cover-weak-chain	one-shot-pair-neighborhood	6	2.020963064144e-4
cycle-holdout-v2	cover-weak-chain-seed-702	cover-weak-chain	one-shot-pair-neighborhood	7	1.271529606742e-4
cycle-holdout-v2	cover-weak-chain-seed-702	cover-weak-chain	one-shot-pair-neighborhood	8	8.232754148128e-5
cycle-holdout-v2	cover-weak-chain-seed-702	cover-weak-chain	one-shot-pair-neighborhood	9	6.168361758369e-5
cycle-holdout-v2	cover-weak-chain-seed-702	cover-weak-chain	one-shot-pair-neighborhood	10	3.725953487133e-5
cycle-holdout-v2	cover-weak-chain-seed-702	cover-weak-chain	one-shot-pair-neighborhood	11	3.581392293363e-5
cycle-holdout-v2	cover-weak-chain-seed-702	cover-weak-chain	one-shot-pair-neighborhood	12	3.485525723991e-5
cycle-holdout-v2	cover-weak-chain-seed-702	cover-weak-chain	one-shot-pair-neighborhood	13	2.682585869810e-5
cycle-holdout-v2	cover-weak-chain-seed-702	cover-weak-chain	one-shot-pair-neighborhood	14	2.541921604627e-5
cycle-holdout-v2	cover-weak-chain-seed-702	cover-weak-chain	one-shot-pair-neighborhood	15	1.769980342833e-5
cycle-holdout-v2	cover-weak-chain-seed-702	cover-weak-chain	one-shot-pair-neighborhood	16	1.361966281709e-5
cycle-holdout-v2	cover-weak-chain-seed-702	cover-weak-chain	one-shot-pair-neighborhood	17	8.058345290547e-6
cycle-holdout-v2	cover-weak-chain-seed-702	cover-weak-chain	one-shot-pair-neighborhood	18	8.024729419542e-6
cycle-holdout-v2	cover-weak-chain-seed-702	cover-weak-chain	one-shot-pair-neighborhood	19	7.188821346326e-6
cycle-holdout-v2	cover-weak-chain-seed-702	cover-weak-chain	one-shot-pair-neighborhood	20	5.893121611398e-6
cycle-holdout-v2	cover-weak-chain-seed-702	cover-weak-chain	one-shot-pair-neighborhood	21	3.652599779371e-6
cycle-holdout-v2	cover-weak-chain-seed-702	cover-weak-chain	one-shot-pair-neighborhood	22	4.165465592141e-6
cycle-holdout-v2	cover-weak-chain-seed-702	cover-weak-chain	one-shot-pair-neighborhood	23	2.420459276469e-6
cycle-holdout-v2	cover-weak-chain-seed-702	cover-weak-chain	one-shot-pair-neighborhood	24	1.948494672886e-6
cycle-holdout-v2	cover-weak-chain-seed-702	cover-weak-chain	one-shot-pair-neighborhood	25	2.113892849969e-6
cycle-holdout-v2	cover-weak-chain-seed-702	cover-weak-chain	one-shot-pair-neighborhood	26	1.267934990199e-6
cycle-holdout-v2	cover-weak-chain-seed-702	cover-weak-chain	one-shot-pair-neighborhood	27	1.263962039819e-6
cycle-holdout-v2	cover-weak-chain-seed-702	cover-weak-chain	one-shot-pair-neighborhood	28	8.048964896826e-7
cycle-holdout-v2	cover-weak-chain-seed-702	cover-weak-chain	one-shot-pair-neighborhood	29	3.370303271541e-7
cycle-holdout-v2	cover-weak-chain-seed-702	cover-weak-chain	one-shot-pair-neighborhood	30	3.179343525946e-7
cycle-holdout-v2	cover-weak-chain-seed-702	cover-weak-chain	one-shot-pair-neighborhood	31	1.540737286140e-7
cycle-holdout-v2	cover-weak-chain-seed-702	cover-weak-chain	one-shot-pair-neighborhood	32	4.607958757543e-8
cycle-holdout-v2	cover-weak-chain-seed-702	cover-weak-chain	one-shot-pair-neighborhood	33	2.371749154630e-8
cycle-holdout-v2	cover-weak-chain-seed-702	cover-weak-chain	one-shot-pair-neighborhood	34	1.299143950440e-8
cycle-holdout-v2	cover-weak-chain-seed-702	cover-weak-chain	one-shot-pair-neighborhood	35	1.110254977577e-8
cycle-holdout-v2	cover-weak-chain-seed-702	cover-weak-chain	one-shot-pair-neighborhood	36	6.856180371417e-9
cycle-holdout-v2	cover-weak-chain-seed-702	cover-weak-chain	one-shot-pair-neighborhood	37	2.912399513086e-9
cycle-holdout-v2	cover-weak-chain-seed-702	cover-weak-chain	one-shot-pair-neighborhood	38	3.537296401220e-9
cycle-holdout-v2	cover-weak-chain-seed-702	cover-weak-chain	one-shot-pair-neighborhood	39	1.400722544820e-9
cycle-holdout-v2	cover-weak-chain-seed-702	cover-weak-chain	one-shot-pair-neighborhood	40	9.756535657076e-10
cycle-holdout-v2	cover-weak-chain-seed-702	cover-weak-chain	one-shot-pair-neighborhood	41	4.190474042636e-10
cycle-holdout-v2	cover-weak-chain-seed-702	cover-weak-chain	one-shot-pair-neighborhood	42	1.301735869770e-10
cycle-holdout-v2	cover-weak-chain-seed-702	cover-weak-chain	one-shot-pair-neighborhood	43	4.253490425671e-11
cycle-holdout-v2	cover-weak-chain-seed-703	cover-weak-chain	baseline-symmetric-map	0	1.000000000000e0
cycle-holdout-v2	cover-weak-chain-seed-703	cover-weak-chain	baseline-symmetric-map	1	5.192427114885e-3
cycle-holdout-v2	cover-weak-chain-seed-703	cover-weak-chain	baseline-symmetric-map	2	3.117705600096e-3
cycle-holdout-v2	cover-weak-chain-seed-703	cover-weak-chain	baseline-symmetric-map	3	2.977250543204e-3
cycle-holdout-v2	cover-weak-chain-seed-703	cover-weak-chain	baseline-symmetric-map	4	2.466838939076e-3
cycle-holdout-v2	cover-weak-chain-seed-703	cover-weak-chain	baseline-symmetric-map	5	1.650798634329e-3
cycle-holdout-v2	cover-weak-chain-seed-703	cover-weak-chain	baseline-symmetric-map	6	1.296094251261e-3
cycle-holdout-v2	cover-weak-chain-seed-703	cover-weak-chain	baseline-symmetric-map	7	1.158512442894e-3
cycle-holdout-v2	cover-weak-chain-seed-703	cover-weak-chain	baseline-symmetric-map	8	9.740711622198e-4
cycle-holdout-v2	cover-weak-chain-seed-703	cover-weak-chain	baseline-symmetric-map	9	8.081508621447e-4
cycle-holdout-v2	cover-weak-chain-seed-703	cover-weak-chain	baseline-symmetric-map	10	6.109229472145e-4
cycle-holdout-v2	cover-weak-chain-seed-703	cover-weak-chain	baseline-symmetric-map	11	1.753608626653e-3
cycle-holdout-v2	cover-weak-chain-seed-703	cover-weak-chain	baseline-symmetric-map	12	4.381844664814e-4
cycle-holdout-v2	cover-weak-chain-seed-703	cover-weak-chain	baseline-symmetric-map	13	2.665638407488e-4
cycle-holdout-v2	cover-weak-chain-seed-703	cover-weak-chain	baseline-symmetric-map	14	1.493929322370e-4
cycle-holdout-v2	cover-weak-chain-seed-703	cover-weak-chain	baseline-symmetric-map	15	1.472726746251e-4
cycle-holdout-v2	cover-weak-chain-seed-703	cover-weak-chain	baseline-symmetric-map	16	1.263486922355e-4
cycle-holdout-v2	cover-weak-chain-seed-703	cover-weak-chain	baseline-symmetric-map	17	1.212065651092e-4
cycle-holdout-v2	cover-weak-chain-seed-703	cover-weak-chain	baseline-symmetric-map	18	1.025862863254e-4
cycle-holdout-v2	cover-weak-chain-seed-703	cover-weak-chain	baseline-symmetric-map	19	8.377215434841e-5
cycle-holdout-v2	cover-weak-chain-seed-703	cover-weak-chain	baseline-symmetric-map	20	7.870956705287e-5
cycle-holdout-v2	cover-weak-chain-seed-703	cover-weak-chain	baseline-symmetric-map	21	3.278378643660e-4
cycle-holdout-v2	cover-weak-chain-seed-703	cover-weak-chain	baseline-symmetric-map	22	8.223238317347e-5
cycle-holdout-v2	cover-weak-chain-seed-703	cover-weak-chain	baseline-symmetric-map	23	6.268332802966e-5
cycle-holdout-v2	cover-weak-chain-seed-703	cover-weak-chain	baseline-symmetric-map	24	5.524653769231e-5
cycle-holdout-v2	cover-weak-chain-seed-703	cover-weak-chain	baseline-symmetric-map	25	4.574090971084e-5
cycle-holdout-v2	cover-weak-chain-seed-703	cover-weak-chain	baseline-symmetric-map	26	3.959978207450e-5
cycle-holdout-v2	cover-weak-chain-seed-703	cover-weak-chain	baseline-symmetric-map	27	2.846676672968e-5
cycle-holdout-v2	cover-weak-chain-seed-703	cover-weak-chain	baseline-symmetric-map	28	2.739439933924e-5
cycle-holdout-v2	cover-weak-chain-seed-703	cover-weak-chain	baseline-symmetric-map	29	2.025382003335e-5
cycle-holdout-v2	cover-weak-chain-seed-703	cover-weak-chain	baseline-symmetric-map	30	4.649833669812e-5
cycle-holdout-v2	cover-weak-chain-seed-703	cover-weak-chain	baseline-symmetric-map	31	2.450893865839e-5
cycle-holdout-v2	cover-weak-chain-seed-703	cover-weak-chain	baseline-symmetric-map	32	1.872056843634e-5
cycle-holdout-v2	cover-weak-chain-seed-703	cover-weak-chain	baseline-symmetric-map	33	1.861076276716e-5
cycle-holdout-v2	cover-weak-chain-seed-703	cover-weak-chain	baseline-symmetric-map	34	1.876065686537e-5
cycle-holdout-v2	cover-weak-chain-seed-703	cover-weak-chain	baseline-symmetric-map	35	1.672909009754e-5
cycle-holdout-v2	cover-weak-chain-seed-703	cover-weak-chain	baseline-symmetric-map	36	1.353538314481e-5
cycle-holdout-v2	cover-weak-chain-seed-703	cover-weak-chain	baseline-symmetric-map	37	1.296163842534e-5
cycle-holdout-v2	cover-weak-chain-seed-703	cover-weak-chain	baseline-symmetric-map	38	1.058994323290e-5
cycle-holdout-v2	cover-weak-chain-seed-703	cover-weak-chain	baseline-symmetric-map	39	3.798948447111e-5
cycle-holdout-v2	cover-weak-chain-seed-703	cover-weak-chain	baseline-symmetric-map	40	1.013781233697e-5
cycle-holdout-v2	cover-weak-chain-seed-703	cover-weak-chain	baseline-symmetric-map	41	7.374165629667e-6
cycle-holdout-v2	cover-weak-chain-seed-703	cover-weak-chain	baseline-symmetric-map	42	5.370675149109e-6
cycle-holdout-v2	cover-weak-chain-seed-703	cover-weak-chain	baseline-symmetric-map	43	5.334697488530e-6
cycle-holdout-v2	cover-weak-chain-seed-703	cover-weak-chain	baseline-symmetric-map	44	4.842153645175e-6
cycle-holdout-v2	cover-weak-chain-seed-703	cover-weak-chain	baseline-symmetric-map	45	3.280765175614e-6
cycle-holdout-v2	cover-weak-chain-seed-703	cover-weak-chain	baseline-symmetric-map	46	2.523342416264e-6
cycle-holdout-v2	cover-weak-chain-seed-703	cover-weak-chain	baseline-symmetric-map	47	9.181694999457e-6
cycle-holdout-v2	cover-weak-chain-seed-703	cover-weak-chain	baseline-symmetric-map	48	1.682470989428e-6
cycle-holdout-v2	cover-weak-chain-seed-703	cover-weak-chain	baseline-symmetric-map	49	1.479856192525e-6
cycle-holdout-v2	cover-weak-chain-seed-703	cover-weak-chain	baseline-symmetric-map	50	8.587370908792e-7
cycle-holdout-v2	cover-weak-chain-seed-703	cover-weak-chain	baseline-symmetric-map	51	7.536831951408e-7
cycle-holdout-v2	cover-weak-chain-seed-703	cover-weak-chain	baseline-symmetric-map	52	6.693699908621e-7
cycle-holdout-v2	cover-weak-chain-seed-703	cover-weak-chain	baseline-symmetric-map	53	5.775561752814e-7
cycle-holdout-v2	cover-weak-chain-seed-703	cover-weak-chain	baseline-symmetric-map	54	5.134870951119e-7
cycle-holdout-v2	cover-weak-chain-seed-703	cover-weak-chain	baseline-symmetric-map	55	2.415382660648e-6
cycle-holdout-v2	cover-weak-chain-seed-703	cover-weak-chain	baseline-symmetric-map	56	4.775487499968e-7
cycle-holdout-v2	cover-weak-chain-seed-703	cover-weak-chain	baseline-symmetric-map	57	5.228371214081e-7
cycle-holdout-v2	cover-weak-chain-seed-703	cover-weak-chain	baseline-symmetric-map	58	5.180436031030e-7
cycle-holdout-v2	cover-weak-chain-seed-703	cover-weak-chain	baseline-symmetric-map	59	5.359906328434e-7
cycle-holdout-v2	cover-weak-chain-seed-703	cover-weak-chain	baseline-symmetric-map	60	4.608300131084e-7
cycle-holdout-v2	cover-weak-chain-seed-703	cover-weak-chain	baseline-symmetric-map	61	3.427311492145e-7
cycle-holdout-v2	cover-weak-chain-seed-703	cover-weak-chain	baseline-symmetric-map	62	1.101784901768e-6
cycle-holdout-v2	cover-weak-chain-seed-703	cover-weak-chain	baseline-symmetric-map	63	3.835038840337e-7
cycle-holdout-v2	cover-weak-chain-seed-703	cover-weak-chain	baseline-symmetric-map	64	1.647778794906e-7
cycle-holdout-v2	cover-weak-chain-seed-703	cover-weak-chain	baseline-symmetric-map	65	1.050407630434e-7
cycle-holdout-v2	cover-weak-chain-seed-703	cover-weak-chain	baseline-symmetric-map	66	1.164753097784e-7
cycle-holdout-v2	cover-weak-chain-seed-703	cover-weak-chain	baseline-symmetric-map	67	1.160937191744e-7
cycle-holdout-v2	cover-weak-chain-seed-703	cover-weak-chain	baseline-symmetric-map	68	1.112588131478e-7
cycle-holdout-v2	cover-weak-chain-seed-703	cover-weak-chain	baseline-symmetric-map	69	4.508992059220e-7
cycle-holdout-v2	cover-weak-chain-seed-703	cover-weak-chain	baseline-symmetric-map	70	1.625452257648e-7
cycle-holdout-v2	cover-weak-chain-seed-703	cover-weak-chain	baseline-symmetric-map	71	7.351845677829e-8
cycle-holdout-v2	cover-weak-chain-seed-703	cover-weak-chain	baseline-symmetric-map	72	6.934624760066e-8
cycle-holdout-v2	cover-weak-chain-seed-703	cover-weak-chain	baseline-symmetric-map	73	6.072101247245e-8
cycle-holdout-v2	cover-weak-chain-seed-703	cover-weak-chain	baseline-symmetric-map	74	4.417176947170e-8
cycle-holdout-v2	cover-weak-chain-seed-703	cover-weak-chain	baseline-symmetric-map	75	3.505251143467e-8
cycle-holdout-v2	cover-weak-chain-seed-703	cover-weak-chain	baseline-symmetric-map	76	5.300490859509e-8
cycle-holdout-v2	cover-weak-chain-seed-703	cover-weak-chain	baseline-symmetric-map	77	2.819270538738e-8
cycle-holdout-v2	cover-weak-chain-seed-703	cover-weak-chain	baseline-symmetric-map	78	1.427299725521e-8
cycle-holdout-v2	cover-weak-chain-seed-703	cover-weak-chain	baseline-symmetric-map	79	1.320538051318e-8
cycle-holdout-v2	cover-weak-chain-seed-703	cover-weak-chain	baseline-symmetric-map	80	1.143183894789e-8
cycle-holdout-v2	cover-weak-chain-seed-703	cover-weak-chain	baseline-symmetric-map	81	1.127607680017e-8
cycle-holdout-v2	cover-weak-chain-seed-703	cover-weak-chain	baseline-symmetric-map	82	1.021313655019e-8
cycle-holdout-v2	cover-weak-chain-seed-703	cover-weak-chain	baseline-symmetric-map	83	6.461085218522e-8
cycle-holdout-v2	cover-weak-chain-seed-703	cover-weak-chain	baseline-symmetric-map	84	8.456027595657e-9
cycle-holdout-v2	cover-weak-chain-seed-703	cover-weak-chain	baseline-symmetric-map	85	1.113246029031e-8
cycle-holdout-v2	cover-weak-chain-seed-703	cover-weak-chain	baseline-symmetric-map	86	6.842598466143e-9
cycle-holdout-v2	cover-weak-chain-seed-703	cover-weak-chain	baseline-symmetric-map	87	7.062567029558e-9
cycle-holdout-v2	cover-weak-chain-seed-703	cover-weak-chain	baseline-symmetric-map	88	4.376544634798e-9
cycle-holdout-v2	cover-weak-chain-seed-703	cover-weak-chain	baseline-symmetric-map	89	6.985608728833e-9
cycle-holdout-v2	cover-weak-chain-seed-703	cover-weak-chain	baseline-symmetric-map	90	9.195809043142e-9
cycle-holdout-v2	cover-weak-chain-seed-703	cover-weak-chain	baseline-symmetric-map	91	2.377302840851e-9
cycle-holdout-v2	cover-weak-chain-seed-703	cover-weak-chain	baseline-symmetric-map	92	2.063696965510e-9
cycle-holdout-v2	cover-weak-chain-seed-703	cover-weak-chain	baseline-symmetric-map	93	8.185240913886e-10
cycle-holdout-v2	cover-weak-chain-seed-703	cover-weak-chain	baseline-symmetric-map	94	8.080494926658e-10
cycle-holdout-v2	cover-weak-chain-seed-703	cover-weak-chain	baseline-symmetric-map	95	1.694322584358e-9
cycle-holdout-v2	cover-weak-chain-seed-703	cover-weak-chain	baseline-symmetric-map	96	3.390634091809e-10
cycle-holdout-v2	cover-weak-chain-seed-703	cover-weak-chain	baseline-symmetric-map	97	3.389596632701e-10
cycle-holdout-v2	cover-weak-chain-seed-703	cover-weak-chain	baseline-symmetric-map	98	2.875467415716e-10
cycle-holdout-v2	cover-weak-chain-seed-703	cover-weak-chain	baseline-symmetric-map	99	2.345320602110e-10
cycle-holdout-v2	cover-weak-chain-seed-703	cover-weak-chain	baseline-symmetric-map	100	2.933203343082e-10
cycle-holdout-v2	cover-weak-chain-seed-703	cover-weak-chain	baseline-symmetric-map	101	6.463711262027e-10
cycle-holdout-v2	cover-weak-chain-seed-703	cover-weak-chain	baseline-symmetric-map	102	1.414716501803e-10
cycle-holdout-v2	cover-weak-chain-seed-703	cover-weak-chain	baseline-symmetric-map	103	1.481013544835e-10
cycle-holdout-v2	cover-weak-chain-seed-703	cover-weak-chain	baseline-symmetric-map	104	1.008186965221e-10
cycle-holdout-v2	cover-weak-chain-seed-703	cover-weak-chain	baseline-symmetric-map	105	1.486751491187e-10
cycle-holdout-v2	cover-weak-chain-seed-703	cover-weak-chain	baseline-symmetric-map	106	2.791222483742e-10
cycle-holdout-v2	cover-weak-chain-seed-703	cover-weak-chain	baseline-symmetric-map	107	7.066824096669e-11
cycle-holdout-v2	cover-weak-chain-seed-703	cover-weak-chain	oracle	0	1.000000000000e0
cycle-holdout-v2	cover-weak-chain-seed-703	cover-weak-chain	oracle	1	3.752159208182e-3
cycle-holdout-v2	cover-weak-chain-seed-703	cover-weak-chain	oracle	2	1.333500356044e-3
cycle-holdout-v2	cover-weak-chain-seed-703	cover-weak-chain	oracle	3	7.276920489729e-4
cycle-holdout-v2	cover-weak-chain-seed-703	cover-weak-chain	oracle	4	5.913194734026e-4
cycle-holdout-v2	cover-weak-chain-seed-703	cover-weak-chain	oracle	5	3.628221651842e-4
cycle-holdout-v2	cover-weak-chain-seed-703	cover-weak-chain	oracle	6	2.375486571284e-4
cycle-holdout-v2	cover-weak-chain-seed-703	cover-weak-chain	oracle	7	1.697077496764e-4
cycle-holdout-v2	cover-weak-chain-seed-703	cover-weak-chain	oracle	8	1.447628581850e-4
cycle-holdout-v2	cover-weak-chain-seed-703	cover-weak-chain	oracle	9	1.308485361415e-4
cycle-holdout-v2	cover-weak-chain-seed-703	cover-weak-chain	oracle	10	1.024610338258e-4
cycle-holdout-v2	cover-weak-chain-seed-703	cover-weak-chain	oracle	11	8.512293540492e-5
cycle-holdout-v2	cover-weak-chain-seed-703	cover-weak-chain	oracle	12	6.151014194495e-5
cycle-holdout-v2	cover-weak-chain-seed-703	cover-weak-chain	oracle	13	5.142217162483e-5
cycle-holdout-v2	cover-weak-chain-seed-703	cover-weak-chain	oracle	14	4.309843284996e-5
cycle-holdout-v2	cover-weak-chain-seed-703	cover-weak-chain	oracle	15	3.893226552398e-5
cycle-holdout-v2	cover-weak-chain-seed-703	cover-weak-chain	oracle	16	3.253997500161e-5
cycle-holdout-v2	cover-weak-chain-seed-703	cover-weak-chain	oracle	17	3.316065151947e-5
cycle-holdout-v2	cover-weak-chain-seed-703	cover-weak-chain	oracle	18	2.923326629712e-5
cycle-holdout-v2	cover-weak-chain-seed-703	cover-weak-chain	oracle	19	2.658162642259e-5
cycle-holdout-v2	cover-weak-chain-seed-703	cover-weak-chain	oracle	20	2.945308186606e-5
cycle-holdout-v2	cover-weak-chain-seed-703	cover-weak-chain	oracle	21	3.035712335841e-5
cycle-holdout-v2	cover-weak-chain-seed-703	cover-weak-chain	oracle	22	3.318558837998e-5
cycle-holdout-v2	cover-weak-chain-seed-703	cover-weak-chain	oracle	23	2.919666848011e-5
cycle-holdout-v2	cover-weak-chain-seed-703	cover-weak-chain	oracle	24	2.337787659613e-5
cycle-holdout-v2	cover-weak-chain-seed-703	cover-weak-chain	oracle	25	2.295122301968e-5
cycle-holdout-v2	cover-weak-chain-seed-703	cover-weak-chain	oracle	26	1.730646268562e-5
cycle-holdout-v2	cover-weak-chain-seed-703	cover-weak-chain	oracle	27	1.362784140613e-5
cycle-holdout-v2	cover-weak-chain-seed-703	cover-weak-chain	oracle	28	9.681008071605e-6
cycle-holdout-v2	cover-weak-chain-seed-703	cover-weak-chain	oracle	29	9.364205877887e-6
cycle-holdout-v2	cover-weak-chain-seed-703	cover-weak-chain	oracle	30	9.505134378334e-6
cycle-holdout-v2	cover-weak-chain-seed-703	cover-weak-chain	oracle	31	6.750513508258e-6
cycle-holdout-v2	cover-weak-chain-seed-703	cover-weak-chain	oracle	32	6.402238680783e-6
cycle-holdout-v2	cover-weak-chain-seed-703	cover-weak-chain	oracle	33	6.336541700259e-6
cycle-holdout-v2	cover-weak-chain-seed-703	cover-weak-chain	oracle	34	5.033783033890e-6
cycle-holdout-v2	cover-weak-chain-seed-703	cover-weak-chain	oracle	35	3.600058261154e-6
cycle-holdout-v2	cover-weak-chain-seed-703	cover-weak-chain	oracle	36	3.109878534796e-6
cycle-holdout-v2	cover-weak-chain-seed-703	cover-weak-chain	oracle	37	3.179778170283e-6
cycle-holdout-v2	cover-weak-chain-seed-703	cover-weak-chain	oracle	38	3.513271395890e-6
cycle-holdout-v2	cover-weak-chain-seed-703	cover-weak-chain	oracle	39	2.904052774212e-6
cycle-holdout-v2	cover-weak-chain-seed-703	cover-weak-chain	oracle	40	2.436550924910e-6
cycle-holdout-v2	cover-weak-chain-seed-703	cover-weak-chain	oracle	41	1.903709396827e-6
cycle-holdout-v2	cover-weak-chain-seed-703	cover-weak-chain	oracle	42	1.609484393999e-6
cycle-holdout-v2	cover-weak-chain-seed-703	cover-weak-chain	oracle	43	1.273490692397e-6
cycle-holdout-v2	cover-weak-chain-seed-703	cover-weak-chain	oracle	44	1.158011598573e-6
cycle-holdout-v2	cover-weak-chain-seed-703	cover-weak-chain	oracle	45	1.082269012088e-6
cycle-holdout-v2	cover-weak-chain-seed-703	cover-weak-chain	oracle	46	1.106313245372e-6
cycle-holdout-v2	cover-weak-chain-seed-703	cover-weak-chain	oracle	47	1.106426520724e-6
cycle-holdout-v2	cover-weak-chain-seed-703	cover-weak-chain	oracle	48	1.000810208343e-6
cycle-holdout-v2	cover-weak-chain-seed-703	cover-weak-chain	oracle	49	5.867885896475e-7
cycle-holdout-v2	cover-weak-chain-seed-703	cover-weak-chain	oracle	50	5.226403373376e-7
cycle-holdout-v2	cover-weak-chain-seed-703	cover-weak-chain	oracle	51	5.760828535153e-7
cycle-holdout-v2	cover-weak-chain-seed-703	cover-weak-chain	oracle	52	6.620121844395e-7
cycle-holdout-v2	cover-weak-chain-seed-703	cover-weak-chain	oracle	53	5.343679864980e-7
cycle-holdout-v2	cover-weak-chain-seed-703	cover-weak-chain	oracle	54	5.668346846578e-7
cycle-holdout-v2	cover-weak-chain-seed-703	cover-weak-chain	oracle	55	5.757589166107e-7
cycle-holdout-v2	cover-weak-chain-seed-703	cover-weak-chain	oracle	56	6.544464271923e-7
cycle-holdout-v2	cover-weak-chain-seed-703	cover-weak-chain	oracle	57	4.724163347072e-7
cycle-holdout-v2	cover-weak-chain-seed-703	cover-weak-chain	oracle	58	3.301458203195e-7
cycle-holdout-v2	cover-weak-chain-seed-703	cover-weak-chain	oracle	59	2.219129098048e-7
cycle-holdout-v2	cover-weak-chain-seed-703	cover-weak-chain	oracle	60	2.059480149113e-7
cycle-holdout-v2	cover-weak-chain-seed-703	cover-weak-chain	oracle	61	1.859123984575e-7
cycle-holdout-v2	cover-weak-chain-seed-703	cover-weak-chain	oracle	62	1.746054112888e-7
cycle-holdout-v2	cover-weak-chain-seed-703	cover-weak-chain	oracle	63	1.740743272136e-7
cycle-holdout-v2	cover-weak-chain-seed-703	cover-weak-chain	oracle	64	1.031342216397e-7
cycle-holdout-v2	cover-weak-chain-seed-703	cover-weak-chain	oracle	65	9.683296671902e-8
cycle-holdout-v2	cover-weak-chain-seed-703	cover-weak-chain	oracle	66	6.971865550616e-8
cycle-holdout-v2	cover-weak-chain-seed-703	cover-weak-chain	oracle	67	6.923092143106e-8
cycle-holdout-v2	cover-weak-chain-seed-703	cover-weak-chain	oracle	68	6.959956111999e-8
cycle-holdout-v2	cover-weak-chain-seed-703	cover-weak-chain	oracle	69	6.781452003471e-8
cycle-holdout-v2	cover-weak-chain-seed-703	cover-weak-chain	oracle	70	4.698199763922e-8
cycle-holdout-v2	cover-weak-chain-seed-703	cover-weak-chain	oracle	71	4.269550885712e-8
cycle-holdout-v2	cover-weak-chain-seed-703	cover-weak-chain	oracle	72	4.103029951430e-8
cycle-holdout-v2	cover-weak-chain-seed-703	cover-weak-chain	oracle	73	4.094950011189e-8
cycle-holdout-v2	cover-weak-chain-seed-703	cover-weak-chain	oracle	74	4.812603012520e-8
cycle-holdout-v2	cover-weak-chain-seed-703	cover-weak-chain	oracle	75	1.669311284651e-8
cycle-holdout-v2	cover-weak-chain-seed-703	cover-weak-chain	oracle	76	1.660474035954e-8
cycle-holdout-v2	cover-weak-chain-seed-703	cover-weak-chain	oracle	77	2.200946545990e-8
cycle-holdout-v2	cover-weak-chain-seed-703	cover-weak-chain	oracle	78	1.014241514152e-8
cycle-holdout-v2	cover-weak-chain-seed-703	cover-weak-chain	oracle	79	1.329295638484e-8
cycle-holdout-v2	cover-weak-chain-seed-703	cover-weak-chain	oracle	80	1.194159687721e-8
cycle-holdout-v2	cover-weak-chain-seed-703	cover-weak-chain	oracle	81	2.962142969884e-8
cycle-holdout-v2	cover-weak-chain-seed-703	cover-weak-chain	oracle	82	1.502310741479e-8
cycle-holdout-v2	cover-weak-chain-seed-703	cover-weak-chain	oracle	83	1.066669370739e-8
cycle-holdout-v2	cover-weak-chain-seed-703	cover-weak-chain	oracle	84	2.314790780389e-8
cycle-holdout-v2	cover-weak-chain-seed-703	cover-weak-chain	oracle	85	7.765430504665e-9
cycle-holdout-v2	cover-weak-chain-seed-703	cover-weak-chain	oracle	86	4.710080301116e-9
cycle-holdout-v2	cover-weak-chain-seed-703	cover-weak-chain	oracle	87	3.753624895170e-9
cycle-holdout-v2	cover-weak-chain-seed-703	cover-weak-chain	oracle	88	3.851617131318e-9
cycle-holdout-v2	cover-weak-chain-seed-703	cover-weak-chain	oracle	89	1.137111280214e-9
cycle-holdout-v2	cover-weak-chain-seed-703	cover-weak-chain	oracle	90	9.411804880401e-10
cycle-holdout-v2	cover-weak-chain-seed-703	cover-weak-chain	oracle	91	4.524652077233e-10
cycle-holdout-v2	cover-weak-chain-seed-703	cover-weak-chain	oracle	92	4.878527981538e-10
cycle-holdout-v2	cover-weak-chain-seed-703	cover-weak-chain	oracle	93	3.343216866995e-10
cycle-holdout-v2	cover-weak-chain-seed-703	cover-weak-chain	oracle	94	1.587290002554e-10
cycle-holdout-v2	cover-weak-chain-seed-703	cover-weak-chain	oracle	95	1.155033295925e-10
cycle-holdout-v2	cover-weak-chain-seed-703	cover-weak-chain	oracle	96	1.410171423776e-10
cycle-holdout-v2	cover-weak-chain-seed-703	cover-weak-chain	oracle	97	3.324504924927e-11
cycle-holdout-v2	cover-weak-chain-seed-703	cover-weak-chain	one-shot-pair-neighborhood	0	1.000000000000e0
cycle-holdout-v2	cover-weak-chain-seed-703	cover-weak-chain	one-shot-pair-neighborhood	1	4.111308400901e-3
cycle-holdout-v2	cover-weak-chain-seed-703	cover-weak-chain	one-shot-pair-neighborhood	2	1.635757399809e-3
cycle-holdout-v2	cover-weak-chain-seed-703	cover-weak-chain	one-shot-pair-neighborhood	3	6.836228043760e-4
cycle-holdout-v2	cover-weak-chain-seed-703	cover-weak-chain	one-shot-pair-neighborhood	4	5.507133009828e-4
cycle-holdout-v2	cover-weak-chain-seed-703	cover-weak-chain	one-shot-pair-neighborhood	5	4.329693752651e-4
cycle-holdout-v2	cover-weak-chain-seed-703	cover-weak-chain	one-shot-pair-neighborhood	6	3.197678090540e-4
cycle-holdout-v2	cover-weak-chain-seed-703	cover-weak-chain	one-shot-pair-neighborhood	7	2.136659956904e-4
cycle-holdout-v2	cover-weak-chain-seed-703	cover-weak-chain	one-shot-pair-neighborhood	8	1.502184959807e-4
cycle-holdout-v2	cover-weak-chain-seed-703	cover-weak-chain	one-shot-pair-neighborhood	9	1.001451191097e-4
cycle-holdout-v2	cover-weak-chain-seed-703	cover-weak-chain	one-shot-pair-neighborhood	10	9.032925198088e-5
cycle-holdout-v2	cover-weak-chain-seed-703	cover-weak-chain	one-shot-pair-neighborhood	11	5.412248818602e-5
cycle-holdout-v2	cover-weak-chain-seed-703	cover-weak-chain	one-shot-pair-neighborhood	12	4.977616838448e-5
cycle-holdout-v2	cover-weak-chain-seed-703	cover-weak-chain	one-shot-pair-neighborhood	13	4.795706293124e-5
cycle-holdout-v2	cover-weak-chain-seed-703	cover-weak-chain	one-shot-pair-neighborhood	14	3.708802668861e-5
cycle-holdout-v2	cover-weak-chain-seed-703	cover-weak-chain	one-shot-pair-neighborhood	15	2.040161069153e-5
cycle-holdout-v2	cover-weak-chain-seed-703	cover-weak-chain	one-shot-pair-neighborhood	16	8.573923233509e-6
cycle-holdout-v2	cover-weak-chain-seed-703	cover-weak-chain	one-shot-pair-neighborhood	17	4.185814865484e-6
cycle-holdout-v2	cover-weak-chain-seed-703	cover-weak-chain	one-shot-pair-neighborhood	18	3.278163843385e-6
cycle-holdout-v2	cover-weak-chain-seed-703	cover-weak-chain	one-shot-pair-neighborhood	19	2.079365303625e-6
cycle-holdout-v2	cover-weak-chain-seed-703	cover-weak-chain	one-shot-pair-neighborhood	20	9.198205410413e-7
cycle-holdout-v2	cover-weak-chain-seed-703	cover-weak-chain	one-shot-pair-neighborhood	21	3.424985939379e-7
cycle-holdout-v2	cover-weak-chain-seed-703	cover-weak-chain	one-shot-pair-neighborhood	22	1.604658502770e-7
cycle-holdout-v2	cover-weak-chain-seed-703	cover-weak-chain	one-shot-pair-neighborhood	23	1.454796279483e-7
cycle-holdout-v2	cover-weak-chain-seed-703	cover-weak-chain	one-shot-pair-neighborhood	24	1.055390207562e-7
cycle-holdout-v2	cover-weak-chain-seed-703	cover-weak-chain	one-shot-pair-neighborhood	25	1.046739066384e-7
cycle-holdout-v2	cover-weak-chain-seed-703	cover-weak-chain	one-shot-pair-neighborhood	26	1.098507248470e-7
cycle-holdout-v2	cover-weak-chain-seed-703	cover-weak-chain	one-shot-pair-neighborhood	27	5.824729001874e-8
cycle-holdout-v2	cover-weak-chain-seed-703	cover-weak-chain	one-shot-pair-neighborhood	28	2.416566252975e-8
cycle-holdout-v2	cover-weak-chain-seed-703	cover-weak-chain	one-shot-pair-neighborhood	29	8.837495895068e-9
cycle-holdout-v2	cover-weak-chain-seed-703	cover-weak-chain	one-shot-pair-neighborhood	30	4.386505919925e-9
cycle-holdout-v2	cover-weak-chain-seed-703	cover-weak-chain	one-shot-pair-neighborhood	31	2.852641773585e-9
cycle-holdout-v2	cover-weak-chain-seed-703	cover-weak-chain	one-shot-pair-neighborhood	32	1.595150103797e-9
cycle-holdout-v2	cover-weak-chain-seed-703	cover-weak-chain	one-shot-pair-neighborhood	33	7.100137079424e-10
cycle-holdout-v2	cover-weak-chain-seed-703	cover-weak-chain	one-shot-pair-neighborhood	34	2.092509906817e-10
cycle-holdout-v2	cover-weak-chain-seed-703	cover-weak-chain	one-shot-pair-neighborhood	35	1.223157728997e-10
cycle-holdout-v2	cover-weak-chain-seed-703	cover-weak-chain	one-shot-pair-neighborhood	36	8.129152827858e-11
cycle-holdout-v2	cover-nearly-nested-seed-704	cover-nearly-nested	baseline-symmetric-map	0	1.000000000000e0
cycle-holdout-v2	cover-nearly-nested-seed-704	cover-nearly-nested	baseline-symmetric-map	1	2.462058039685e-2
cycle-holdout-v2	cover-nearly-nested-seed-704	cover-nearly-nested	baseline-symmetric-map	2	6.161554450550e-3
cycle-holdout-v2	cover-nearly-nested-seed-704	cover-nearly-nested	baseline-symmetric-map	3	2.619415564269e-3
cycle-holdout-v2	cover-nearly-nested-seed-704	cover-nearly-nested	baseline-symmetric-map	4	3.762535244494e-3
cycle-holdout-v2	cover-nearly-nested-seed-704	cover-nearly-nested	baseline-symmetric-map	5	6.999289532606e-3
cycle-holdout-v2	cover-nearly-nested-seed-704	cover-nearly-nested	baseline-symmetric-map	6	4.541661417737e-3
cycle-holdout-v2	cover-nearly-nested-seed-704	cover-nearly-nested	baseline-symmetric-map	7	2.149883958538e-3
cycle-holdout-v2	cover-nearly-nested-seed-704	cover-nearly-nested	baseline-symmetric-map	8	4.052283602616e-3
cycle-holdout-v2	cover-nearly-nested-seed-704	cover-nearly-nested	baseline-symmetric-map	9	5.613767855042e-3
cycle-holdout-v2	cover-nearly-nested-seed-704	cover-nearly-nested	baseline-symmetric-map	10	2.643203184581e-3
cycle-holdout-v2	cover-nearly-nested-seed-704	cover-nearly-nested	baseline-symmetric-map	11	9.143054222765e-4
cycle-holdout-v2	cover-nearly-nested-seed-704	cover-nearly-nested	baseline-symmetric-map	12	8.721365188370e-4
cycle-holdout-v2	cover-nearly-nested-seed-704	cover-nearly-nested	baseline-symmetric-map	13	2.059594059204e-3
cycle-holdout-v2	cover-nearly-nested-seed-704	cover-nearly-nested	baseline-symmetric-map	14	5.789149265585e-4
cycle-holdout-v2	cover-nearly-nested-seed-704	cover-nearly-nested	baseline-symmetric-map	15	2.192940276009e-4
cycle-holdout-v2	cover-nearly-nested-seed-704	cover-nearly-nested	baseline-symmetric-map	16	2.859668162303e-4
cycle-holdout-v2	cover-nearly-nested-seed-704	cover-nearly-nested	baseline-symmetric-map	17	3.988962295585e-4
cycle-holdout-v2	cover-nearly-nested-seed-704	cover-nearly-nested	baseline-symmetric-map	18	9.876820002052e-5
cycle-holdout-v2	cover-nearly-nested-seed-704	cover-nearly-nested	baseline-symmetric-map	19	1.995563328351e-5
cycle-holdout-v2	cover-nearly-nested-seed-704	cover-nearly-nested	baseline-symmetric-map	20	5.285443097737e-6
cycle-holdout-v2	cover-nearly-nested-seed-704	cover-nearly-nested	baseline-symmetric-map	21	3.811563721754e-6
cycle-holdout-v2	cover-nearly-nested-seed-704	cover-nearly-nested	baseline-symmetric-map	22	1.092153068047e-5
cycle-holdout-v2	cover-nearly-nested-seed-704	cover-nearly-nested	baseline-symmetric-map	23	1.242003978269e-5
cycle-holdout-v2	cover-nearly-nested-seed-704	cover-nearly-nested	baseline-symmetric-map	24	2.799679499976e-6
cycle-holdout-v2	cover-nearly-nested-seed-704	cover-nearly-nested	baseline-symmetric-map	25	1.015988152913e-6
cycle-holdout-v2	cover-nearly-nested-seed-704	cover-nearly-nested	baseline-symmetric-map	26	1.741856749383e-6
cycle-holdout-v2	cover-nearly-nested-seed-704	cover-nearly-nested	baseline-symmetric-map	27	2.445885552495e-6
cycle-holdout-v2	cover-nearly-nested-seed-704	cover-nearly-nested	baseline-symmetric-map	28	4.811440620901e-7
cycle-holdout-v2	cover-nearly-nested-seed-704	cover-nearly-nested	baseline-symmetric-map	29	1.577029462703e-7
cycle-holdout-v2	cover-nearly-nested-seed-704	cover-nearly-nested	baseline-symmetric-map	30	3.748873723457e-7
cycle-holdout-v2	cover-nearly-nested-seed-704	cover-nearly-nested	baseline-symmetric-map	31	2.047264900428e-7
cycle-holdout-v2	cover-nearly-nested-seed-704	cover-nearly-nested	baseline-symmetric-map	32	2.065081594985e-8
cycle-holdout-v2	cover-nearly-nested-seed-704	cover-nearly-nested	baseline-symmetric-map	33	2.161375440936e-9
cycle-holdout-v2	cover-nearly-nested-seed-704	cover-nearly-nested	baseline-symmetric-map	34	2.552876089797e-10
cycle-holdout-v2	cover-nearly-nested-seed-704	cover-nearly-nested	baseline-symmetric-map	35	4.007599495802e-11
cycle-holdout-v2	cover-nearly-nested-seed-704	cover-nearly-nested	oracle	0	1.000000000000e0
cycle-holdout-v2	cover-nearly-nested-seed-704	cover-nearly-nested	oracle	1	9.979804596077e-3
cycle-holdout-v2	cover-nearly-nested-seed-704	cover-nearly-nested	oracle	2	1.277718331980e-3
cycle-holdout-v2	cover-nearly-nested-seed-704	cover-nearly-nested	oracle	3	1.500949314975e-4
cycle-holdout-v2	cover-nearly-nested-seed-704	cover-nearly-nested	oracle	4	1.526403850429e-5
cycle-holdout-v2	cover-nearly-nested-seed-704	cover-nearly-nested	oracle	5	2.362476251499e-6
cycle-holdout-v2	cover-nearly-nested-seed-704	cover-nearly-nested	oracle	6	2.121944215264e-7
cycle-holdout-v2	cover-nearly-nested-seed-704	cover-nearly-nested	oracle	7	1.504262188982e-8
cycle-holdout-v2	cover-nearly-nested-seed-704	cover-nearly-nested	oracle	8	1.131882026471e-9
cycle-holdout-v2	cover-nearly-nested-seed-704	cover-nearly-nested	oracle	9	8.881498675495e-11
cycle-holdout-v2	cover-nearly-nested-seed-704	cover-nearly-nested	one-shot-pair-neighborhood	0	1.000000000000e0
cycle-holdout-v2	cover-nearly-nested-seed-704	cover-nearly-nested	one-shot-pair-neighborhood	1	5.313921419188e-3
cycle-holdout-v2	cover-nearly-nested-seed-704	cover-nearly-nested	one-shot-pair-neighborhood	2	1.430213785553e-3
cycle-holdout-v2	cover-nearly-nested-seed-704	cover-nearly-nested	one-shot-pair-neighborhood	3	2.983028792612e-3
cycle-holdout-v2	cover-nearly-nested-seed-704	cover-nearly-nested	one-shot-pair-neighborhood	4	4.798542844758e-4
cycle-holdout-v2	cover-nearly-nested-seed-704	cover-nearly-nested	one-shot-pair-neighborhood	5	4.778509596811e-5
cycle-holdout-v2	cover-nearly-nested-seed-704	cover-nearly-nested	one-shot-pair-neighborhood	6	3.105501446944e-6
cycle-holdout-v2	cover-nearly-nested-seed-704	cover-nearly-nested	one-shot-pair-neighborhood	7	1.137352863206e-7
cycle-holdout-v2	cover-nearly-nested-seed-704	cover-nearly-nested	one-shot-pair-neighborhood	8	6.437802414847e-9
cycle-holdout-v2	cover-nearly-nested-seed-704	cover-nearly-nested	one-shot-pair-neighborhood	9	2.865016414517e-10
cycle-holdout-v2	cover-nearly-nested-seed-704	cover-nearly-nested	one-shot-pair-neighborhood	10	1.087288154796e-11
cycle-holdout-v2	cover-nearly-nested-seed-704	cover-nearly-nested	primary-bootstrap-final	0	1.000000000000e0
cycle-holdout-v2	cover-nearly-nested-seed-704	cover-nearly-nested	primary-bootstrap-final	1	5.313921419188e-3
cycle-holdout-v2	cover-nearly-nested-seed-704	cover-nearly-nested	primary-bootstrap-final	2	1.430213785553e-3
cycle-holdout-v2	cover-nearly-nested-seed-704	cover-nearly-nested	primary-bootstrap-final	3	2.983028792612e-3
cycle-holdout-v2	cover-nearly-nested-seed-704	cover-nearly-nested	primary-bootstrap-final	4	4.798542844758e-4
cycle-holdout-v2	cover-nearly-nested-seed-704	cover-nearly-nested	primary-bootstrap-final	5	4.778509596811e-5
cycle-holdout-v2	cover-nearly-nested-seed-704	cover-nearly-nested	primary-bootstrap-final	6	3.105501446944e-6
cycle-holdout-v2	cover-nearly-nested-seed-704	cover-nearly-nested	primary-bootstrap-final	7	1.137352863206e-7
cycle-holdout-v2	cover-nearly-nested-seed-704	cover-nearly-nested	primary-bootstrap-final	8	6.437802414847e-9
cycle-holdout-v2	cover-nearly-nested-seed-704	cover-nearly-nested	primary-bootstrap-final	9	2.865016414517e-10
cycle-holdout-v2	cover-nearly-nested-seed-704	cover-nearly-nested	primary-bootstrap-final	10	1.087288154796e-11
cycle-holdout-v2	cover-nearly-nested-seed-704	cover-nearly-nested	cycle-portfolio-final	0	1.000000000000e0
cycle-holdout-v2	cover-nearly-nested-seed-704	cover-nearly-nested	cycle-portfolio-final	1	5.313921419188e-3
cycle-holdout-v2	cover-nearly-nested-seed-704	cover-nearly-nested	cycle-portfolio-final	2	1.430213785553e-3
cycle-holdout-v2	cover-nearly-nested-seed-704	cover-nearly-nested	cycle-portfolio-final	3	2.983028792612e-3
cycle-holdout-v2	cover-nearly-nested-seed-704	cover-nearly-nested	cycle-portfolio-final	4	4.798542844758e-4
cycle-holdout-v2	cover-nearly-nested-seed-704	cover-nearly-nested	cycle-portfolio-final	5	4.778509596811e-5
cycle-holdout-v2	cover-nearly-nested-seed-704	cover-nearly-nested	cycle-portfolio-final	6	3.105501446944e-6
cycle-holdout-v2	cover-nearly-nested-seed-704	cover-nearly-nested	cycle-portfolio-final	7	1.137352863206e-7
cycle-holdout-v2	cover-nearly-nested-seed-704	cover-nearly-nested	cycle-portfolio-final	8	6.437802414847e-9
cycle-holdout-v2	cover-nearly-nested-seed-704	cover-nearly-nested	cycle-portfolio-final	9	2.865016414517e-10
cycle-holdout-v2	cover-nearly-nested-seed-704	cover-nearly-nested	cycle-portfolio-final	10	1.087288154796e-11
cycle-holdout-v2	cover-nearly-nested-seed-705	cover-nearly-nested	baseline-symmetric-map	0	1.000000000000e0
cycle-holdout-v2	cover-nearly-nested-seed-705	cover-nearly-nested	baseline-symmetric-map	1	2.101375971183e-2
cycle-holdout-v2	cover-nearly-nested-seed-705	cover-nearly-nested	baseline-symmetric-map	2	6.055886429982e-3
cycle-holdout-v2	cover-nearly-nested-seed-705	cover-nearly-nested	baseline-symmetric-map	3	2.569412690202e-3
cycle-holdout-v2	cover-nearly-nested-seed-705	cover-nearly-nested	baseline-symmetric-map	4	3.625672706110e-3
cycle-holdout-v2	cover-nearly-nested-seed-705	cover-nearly-nested	baseline-symmetric-map	5	6.713559196659e-3
cycle-holdout-v2	cover-nearly-nested-seed-705	cover-nearly-nested	baseline-symmetric-map	6	5.957359330911e-3
cycle-holdout-v2	cover-nearly-nested-seed-705	cover-nearly-nested	baseline-symmetric-map	7	2.786948368707e-3
cycle-holdout-v2	cover-nearly-nested-seed-705	cover-nearly-nested	baseline-symmetric-map	8	2.693327436372e-3
cycle-holdout-v2	cover-nearly-nested-seed-705	cover-nearly-nested	baseline-symmetric-map	9	4.816057026607e-3
cycle-holdout-v2	cover-nearly-nested-seed-705	cover-nearly-nested	baseline-symmetric-map	10	4.475018484228e-3
cycle-holdout-v2	cover-nearly-nested-seed-705	cover-nearly-nested	baseline-symmetric-map	11	1.767457866299e-3
cycle-holdout-v2	cover-nearly-nested-seed-705	cover-nearly-nested	baseline-symmetric-map	12	7.115695534696e-4
cycle-holdout-v2	cover-nearly-nested-seed-705	cover-nearly-nested	baseline-symmetric-map	13	1.203751576565e-3
cycle-holdout-v2	cover-nearly-nested-seed-705	cover-nearly-nested	baseline-symmetric-map	14	1.561491859315e-3
cycle-holdout-v2	cover-nearly-nested-seed-705	cover-nearly-nested	baseline-symmetric-map	15	5.070037877259e-4
cycle-holdout-v2	cover-nearly-nested-seed-705	cover-nearly-nested	baseline-symmetric-map	16	1.838398071377e-4
cycle-holdout-v2	cover-nearly-nested-seed-705	cover-nearly-nested	baseline-symmetric-map	17	2.648622301918e-4
cycle-holdout-v2	cover-nearly-nested-seed-705	cover-nearly-nested	baseline-symmetric-map	18	2.984466855939e-4
cycle-holdout-v2	cover-nearly-nested-seed-705	cover-nearly-nested	baseline-symmetric-map	19	5.142561772878e-5
cycle-holdout-v2	cover-nearly-nested-seed-705	cover-nearly-nested	baseline-symmetric-map	20	8.422884235681e-6
cycle-holdout-v2	cover-nearly-nested-seed-705	cover-nearly-nested	baseline-symmetric-map	21	3.440965817659e-6
cycle-holdout-v2	cover-nearly-nested-seed-705	cover-nearly-nested	baseline-symmetric-map	22	7.291587393000e-6
cycle-holdout-v2	cover-nearly-nested-seed-705	cover-nearly-nested	baseline-symmetric-map	23	1.624629317683e-5
cycle-holdout-v2	cover-nearly-nested-seed-705	cover-nearly-nested	baseline-symmetric-map	24	6.831372805277e-6
cycle-holdout-v2	cover-nearly-nested-seed-705	cover-nearly-nested	baseline-symmetric-map	25	2.775744813508e-6
cycle-holdout-v2	cover-nearly-nested-seed-705	cover-nearly-nested	baseline-symmetric-map	26	4.454140330974e-6
cycle-holdout-v2	cover-nearly-nested-seed-705	cover-nearly-nested	baseline-symmetric-map	27	5.632463461051e-6
cycle-holdout-v2	cover-nearly-nested-seed-705	cover-nearly-nested	baseline-symmetric-map	28	8.998869535254e-7
cycle-holdout-v2	cover-nearly-nested-seed-705	cover-nearly-nested	baseline-symmetric-map	29	4.222335038677e-7
cycle-holdout-v2	cover-nearly-nested-seed-705	cover-nearly-nested	baseline-symmetric-map	30	1.111742136431e-6
cycle-holdout-v2	cover-nearly-nested-seed-705	cover-nearly-nested	baseline-symmetric-map	31	5.694329918386e-7
cycle-holdout-v2	cover-nearly-nested-seed-705	cover-nearly-nested	baseline-symmetric-map	32	6.174331233489e-8
cycle-holdout-v2	cover-nearly-nested-seed-705	cover-nearly-nested	baseline-symmetric-map	33	8.727660367068e-9
cycle-holdout-v2	cover-nearly-nested-seed-705	cover-nearly-nested	baseline-symmetric-map	34	6.387830431704e-10
cycle-holdout-v2	cover-nearly-nested-seed-705	cover-nearly-nested	baseline-symmetric-map	35	6.609948150064e-11
cycle-holdout-v2	cover-nearly-nested-seed-705	cover-nearly-nested	oracle	0	1.000000000000e0
cycle-holdout-v2	cover-nearly-nested-seed-705	cover-nearly-nested	oracle	1	8.638332850420e-3
cycle-holdout-v2	cover-nearly-nested-seed-705	cover-nearly-nested	oracle	2	1.181511629159e-3
cycle-holdout-v2	cover-nearly-nested-seed-705	cover-nearly-nested	oracle	3	2.162298662023e-4
cycle-holdout-v2	cover-nearly-nested-seed-705	cover-nearly-nested	oracle	4	3.170219694202e-5
cycle-holdout-v2	cover-nearly-nested-seed-705	cover-nearly-nested	oracle	5	5.141721626683e-6
cycle-holdout-v2	cover-nearly-nested-seed-705	cover-nearly-nested	oracle	6	7.395639784411e-7
cycle-holdout-v2	cover-nearly-nested-seed-705	cover-nearly-nested	oracle	7	5.299862743235e-8
cycle-holdout-v2	cover-nearly-nested-seed-705	cover-nearly-nested	oracle	8	5.659431084933e-9
cycle-holdout-v2	cover-nearly-nested-seed-705	cover-nearly-nested	oracle	9	3.538577573572e-10
cycle-holdout-v2	cover-nearly-nested-seed-705	cover-nearly-nested	oracle	10	1.998176514660e-11
cycle-holdout-v2	cover-nearly-nested-seed-705	cover-nearly-nested	one-shot-pair-neighborhood	0	1.000000000000e0
cycle-holdout-v2	cover-nearly-nested-seed-705	cover-nearly-nested	one-shot-pair-neighborhood	1	4.315846226928e-3
cycle-holdout-v2	cover-nearly-nested-seed-705	cover-nearly-nested	one-shot-pair-neighborhood	2	2.569650273405e-3
cycle-holdout-v2	cover-nearly-nested-seed-705	cover-nearly-nested	one-shot-pair-neighborhood	3	6.475880768970e-3
cycle-holdout-v2	cover-nearly-nested-seed-705	cover-nearly-nested	one-shot-pair-neighborhood	4	1.275144484153e-3
cycle-holdout-v2	cover-nearly-nested-seed-705	cover-nearly-nested	one-shot-pair-neighborhood	5	8.813304465930e-5
cycle-holdout-v2	cover-nearly-nested-seed-705	cover-nearly-nested	one-shot-pair-neighborhood	6	4.987897991099e-6
cycle-holdout-v2	cover-nearly-nested-seed-705	cover-nearly-nested	one-shot-pair-neighborhood	7	5.194241766298e-7
cycle-holdout-v2	cover-nearly-nested-seed-705	cover-nearly-nested	one-shot-pair-neighborhood	8	3.427040752767e-8
cycle-holdout-v2	cover-nearly-nested-seed-705	cover-nearly-nested	one-shot-pair-neighborhood	9	1.264532405199e-9
cycle-holdout-v2	cover-nearly-nested-seed-705	cover-nearly-nested	one-shot-pair-neighborhood	10	7.743529351229e-11
cycle-holdout-v2	cover-nearly-nested-seed-705	cover-nearly-nested	primary-bootstrap-final	0	1.000000000000e0
cycle-holdout-v2	cover-nearly-nested-seed-705	cover-nearly-nested	primary-bootstrap-final	1	4.315846226928e-3
cycle-holdout-v2	cover-nearly-nested-seed-705	cover-nearly-nested	primary-bootstrap-final	2	2.569650273405e-3
cycle-holdout-v2	cover-nearly-nested-seed-705	cover-nearly-nested	primary-bootstrap-final	3	6.475880768970e-3
cycle-holdout-v2	cover-nearly-nested-seed-705	cover-nearly-nested	primary-bootstrap-final	4	1.275144484153e-3
cycle-holdout-v2	cover-nearly-nested-seed-705	cover-nearly-nested	primary-bootstrap-final	5	8.813304465930e-5
cycle-holdout-v2	cover-nearly-nested-seed-705	cover-nearly-nested	primary-bootstrap-final	6	4.987897991099e-6
cycle-holdout-v2	cover-nearly-nested-seed-705	cover-nearly-nested	primary-bootstrap-final	7	5.194241766298e-7
cycle-holdout-v2	cover-nearly-nested-seed-705	cover-nearly-nested	primary-bootstrap-final	8	3.427040752767e-8
cycle-holdout-v2	cover-nearly-nested-seed-705	cover-nearly-nested	primary-bootstrap-final	9	1.264532405199e-9
cycle-holdout-v2	cover-nearly-nested-seed-705	cover-nearly-nested	primary-bootstrap-final	10	7.743529351229e-11
cycle-holdout-v2	cover-nearly-nested-seed-705	cover-nearly-nested	cycle-portfolio-final	0	1.000000000000e0
cycle-holdout-v2	cover-nearly-nested-seed-705	cover-nearly-nested	cycle-portfolio-final	1	4.315846226928e-3
cycle-holdout-v2	cover-nearly-nested-seed-705	cover-nearly-nested	cycle-portfolio-final	2	2.569650273405e-3
cycle-holdout-v2	cover-nearly-nested-seed-705	cover-nearly-nested	cycle-portfolio-final	3	6.475880768970e-3
cycle-holdout-v2	cover-nearly-nested-seed-705	cover-nearly-nested	cycle-portfolio-final	4	1.275144484153e-3
cycle-holdout-v2	cover-nearly-nested-seed-705	cover-nearly-nested	cycle-portfolio-final	5	8.813304465930e-5
cycle-holdout-v2	cover-nearly-nested-seed-705	cover-nearly-nested	cycle-portfolio-final	6	4.987897991099e-6
cycle-holdout-v2	cover-nearly-nested-seed-705	cover-nearly-nested	cycle-portfolio-final	7	5.194241766298e-7
cycle-holdout-v2	cover-nearly-nested-seed-705	cover-nearly-nested	cycle-portfolio-final	8	3.427040752767e-8
cycle-holdout-v2	cover-nearly-nested-seed-705	cover-nearly-nested	cycle-portfolio-final	9	1.264532405199e-9
cycle-holdout-v2	cover-nearly-nested-seed-705	cover-nearly-nested	cycle-portfolio-final	10	7.743529351229e-11
cycle-holdout-v2	cover-dominant-pair-seed-706	cover-dominant-pair	baseline-symmetric-map	0	1.000000000000e0
cycle-holdout-v2	cover-dominant-pair-seed-706	cover-dominant-pair	baseline-symmetric-map	1	3.020905150639e-2
cycle-holdout-v2	cover-dominant-pair-seed-706	cover-dominant-pair	baseline-symmetric-map	2	8.042472712376e-3
cycle-holdout-v2	cover-dominant-pair-seed-706	cover-dominant-pair	baseline-symmetric-map	3	2.159495550206e-3
cycle-holdout-v2	cover-dominant-pair-seed-706	cover-dominant-pair	baseline-symmetric-map	4	4.094246659956e-4
cycle-holdout-v2	cover-dominant-pair-seed-706	cover-dominant-pair	baseline-symmetric-map	5	1.081549746106e-4
cycle-holdout-v2	cover-dominant-pair-seed-706	cover-dominant-pair	baseline-symmetric-map	6	2.771112657867e-5
cycle-holdout-v2	cover-dominant-pair-seed-706	cover-dominant-pair	baseline-symmetric-map	7	7.462460281039e-6
cycle-holdout-v2	cover-dominant-pair-seed-706	cover-dominant-pair	baseline-symmetric-map	8	1.311050570013e-6
cycle-holdout-v2	cover-dominant-pair-seed-706	cover-dominant-pair	baseline-symmetric-map	9	2.574028779360e-7
cycle-holdout-v2	cover-dominant-pair-seed-706	cover-dominant-pair	baseline-symmetric-map	10	6.387146755916e-8
cycle-holdout-v2	cover-dominant-pair-seed-706	cover-dominant-pair	baseline-symmetric-map	11	7.168901130201e-9
cycle-holdout-v2	cover-dominant-pair-seed-706	cover-dominant-pair	baseline-symmetric-map	12	1.373974167510e-9
cycle-holdout-v2	cover-dominant-pair-seed-706	cover-dominant-pair	baseline-symmetric-map	13	3.632137652736e-10
cycle-holdout-v2	cover-dominant-pair-seed-706	cover-dominant-pair	baseline-symmetric-map	14	1.079432509694e-10
cycle-holdout-v2	cover-dominant-pair-seed-706	cover-dominant-pair	baseline-symmetric-map	15	1.892034990449e-11
cycle-holdout-v2	cover-dominant-pair-seed-706	cover-dominant-pair	oracle	0	1.000000000000e0
cycle-holdout-v2	cover-dominant-pair-seed-706	cover-dominant-pair	oracle	1	1.197610654326e-2
cycle-holdout-v2	cover-dominant-pair-seed-706	cover-dominant-pair	oracle	2	1.631863515003e-3
cycle-holdout-v2	cover-dominant-pair-seed-706	cover-dominant-pair	oracle	3	1.561544541695e-4
cycle-holdout-v2	cover-dominant-pair-seed-706	cover-dominant-pair	oracle	4	2.163049043980e-5
cycle-holdout-v2	cover-dominant-pair-seed-706	cover-dominant-pair	oracle	5	2.953447556480e-6
cycle-holdout-v2	cover-dominant-pair-seed-706	cover-dominant-pair	oracle	6	2.636477886168e-7
cycle-holdout-v2	cover-dominant-pair-seed-706	cover-dominant-pair	oracle	7	2.728358397722e-8
cycle-holdout-v2	cover-dominant-pair-seed-706	cover-dominant-pair	oracle	8	1.478326184531e-9
cycle-holdout-v2	cover-dominant-pair-seed-706	cover-dominant-pair	oracle	9	2.105739828763e-10
cycle-holdout-v2	cover-dominant-pair-seed-706	cover-dominant-pair	oracle	10	2.728136131385e-11
cycle-holdout-v2	cover-dominant-pair-seed-706	cover-dominant-pair	one-shot-pair-neighborhood	0	1.000000000000e0
cycle-holdout-v2	cover-dominant-pair-seed-706	cover-dominant-pair	one-shot-pair-neighborhood	1	6.310141953515e-3
cycle-holdout-v2	cover-dominant-pair-seed-706	cover-dominant-pair	one-shot-pair-neighborhood	2	4.444621397062e-4
cycle-holdout-v2	cover-dominant-pair-seed-706	cover-dominant-pair	one-shot-pair-neighborhood	3	3.329732742577e-5
cycle-holdout-v2	cover-dominant-pair-seed-706	cover-dominant-pair	one-shot-pair-neighborhood	4	3.444390653040e-6
cycle-holdout-v2	cover-dominant-pair-seed-706	cover-dominant-pair	one-shot-pair-neighborhood	5	2.005906560631e-7
cycle-holdout-v2	cover-dominant-pair-seed-706	cover-dominant-pair	one-shot-pair-neighborhood	6	1.653278088553e-8
cycle-holdout-v2	cover-dominant-pair-seed-706	cover-dominant-pair	one-shot-pair-neighborhood	7	1.361936129350e-9
cycle-holdout-v2	cover-dominant-pair-seed-706	cover-dominant-pair	one-shot-pair-neighborhood	8	7.980384733134e-11
cycle-holdout-v2	cover-dominant-pair-seed-706	cover-dominant-pair	primary-bootstrap-final	0	1.000000000000e0
cycle-holdout-v2	cover-dominant-pair-seed-706	cover-dominant-pair	primary-bootstrap-final	1	6.310141953515e-3
cycle-holdout-v2	cover-dominant-pair-seed-706	cover-dominant-pair	primary-bootstrap-final	2	4.444621397062e-4
cycle-holdout-v2	cover-dominant-pair-seed-706	cover-dominant-pair	primary-bootstrap-final	3	3.329732742577e-5
cycle-holdout-v2	cover-dominant-pair-seed-706	cover-dominant-pair	primary-bootstrap-final	4	3.444390653040e-6
cycle-holdout-v2	cover-dominant-pair-seed-706	cover-dominant-pair	primary-bootstrap-final	5	2.005906560631e-7
cycle-holdout-v2	cover-dominant-pair-seed-706	cover-dominant-pair	primary-bootstrap-final	6	1.653278088553e-8
cycle-holdout-v2	cover-dominant-pair-seed-706	cover-dominant-pair	primary-bootstrap-final	7	1.361936129350e-9
cycle-holdout-v2	cover-dominant-pair-seed-706	cover-dominant-pair	primary-bootstrap-final	8	7.980384733134e-11
cycle-holdout-v2	cover-dominant-pair-seed-706	cover-dominant-pair	cycle-portfolio-final	0	1.000000000000e0
cycle-holdout-v2	cover-dominant-pair-seed-706	cover-dominant-pair	cycle-portfolio-final	1	6.310141953515e-3
cycle-holdout-v2	cover-dominant-pair-seed-706	cover-dominant-pair	cycle-portfolio-final	2	4.444621397062e-4
cycle-holdout-v2	cover-dominant-pair-seed-706	cover-dominant-pair	cycle-portfolio-final	3	3.329732742577e-5
cycle-holdout-v2	cover-dominant-pair-seed-706	cover-dominant-pair	cycle-portfolio-final	4	3.444390653040e-6
cycle-holdout-v2	cover-dominant-pair-seed-706	cover-dominant-pair	cycle-portfolio-final	5	2.005906560631e-7
cycle-holdout-v2	cover-dominant-pair-seed-706	cover-dominant-pair	cycle-portfolio-final	6	1.653278088553e-8
cycle-holdout-v2	cover-dominant-pair-seed-706	cover-dominant-pair	cycle-portfolio-final	7	1.361936129350e-9
cycle-holdout-v2	cover-dominant-pair-seed-706	cover-dominant-pair	cycle-portfolio-final	8	7.980384733134e-11
cycle-holdout-v2	cover-dominant-pair-seed-707	cover-dominant-pair	baseline-symmetric-map	0	1.000000000000e0
cycle-holdout-v2	cover-dominant-pair-seed-707	cover-dominant-pair	baseline-symmetric-map	1	3.407704371987e-2
cycle-holdout-v2	cover-dominant-pair-seed-707	cover-dominant-pair	baseline-symmetric-map	2	8.327343916959e-3
cycle-holdout-v2	cover-dominant-pair-seed-707	cover-dominant-pair	baseline-symmetric-map	3	1.876566736533e-3
cycle-holdout-v2	cover-dominant-pair-seed-707	cover-dominant-pair	baseline-symmetric-map	4	5.709610123324e-4
cycle-holdout-v2	cover-dominant-pair-seed-707	cover-dominant-pair	baseline-symmetric-map	5	1.823429939502e-4
cycle-holdout-v2	cover-dominant-pair-seed-707	cover-dominant-pair	baseline-symmetric-map	6	2.939871647170e-5
cycle-holdout-v2	cover-dominant-pair-seed-707	cover-dominant-pair	baseline-symmetric-map	7	7.835872098719e-6
cycle-holdout-v2	cover-dominant-pair-seed-707	cover-dominant-pair	baseline-symmetric-map	8	1.619473353507e-6
cycle-holdout-v2	cover-dominant-pair-seed-707	cover-dominant-pair	baseline-symmetric-map	9	3.539053389722e-7
cycle-holdout-v2	cover-dominant-pair-seed-707	cover-dominant-pair	baseline-symmetric-map	10	1.109361651190e-7
cycle-holdout-v2	cover-dominant-pair-seed-707	cover-dominant-pair	baseline-symmetric-map	11	3.408090208958e-8
cycle-holdout-v2	cover-dominant-pair-seed-707	cover-dominant-pair	baseline-symmetric-map	12	7.321490506970e-9
cycle-holdout-v2	cover-dominant-pair-seed-707	cover-dominant-pair	baseline-symmetric-map	13	1.689211596600e-9
cycle-holdout-v2	cover-dominant-pair-seed-707	cover-dominant-pair	baseline-symmetric-map	14	3.741588879383e-10
cycle-holdout-v2	cover-dominant-pair-seed-707	cover-dominant-pair	baseline-symmetric-map	15	5.959492862137e-11
cycle-holdout-v2	cover-dominant-pair-seed-707	cover-dominant-pair	oracle	0	1.000000000000e0
cycle-holdout-v2	cover-dominant-pair-seed-707	cover-dominant-pair	oracle	1	1.419189748813e-2
cycle-holdout-v2	cover-dominant-pair-seed-707	cover-dominant-pair	oracle	2	1.361817893217e-3
cycle-holdout-v2	cover-dominant-pair-seed-707	cover-dominant-pair	oracle	3	2.688193519436e-4
cycle-holdout-v2	cover-dominant-pair-seed-707	cover-dominant-pair	oracle	4	3.146198888111e-5
cycle-holdout-v2	cover-dominant-pair-seed-707	cover-dominant-pair	oracle	5	2.999767993876e-6
cycle-holdout-v2	cover-dominant-pair-seed-707	cover-dominant-pair	oracle	6	3.207174883710e-7
cycle-holdout-v2	cover-dominant-pair-seed-707	cover-dominant-pair	oracle	7	5.867808682659e-8
cycle-holdout-v2	cover-dominant-pair-seed-707	cover-dominant-pair	oracle	8	8.281152573649e-9
cycle-holdout-v2	cover-dominant-pair-seed-707	cover-dominant-pair	oracle	9	8.453209611790e-10
cycle-holdout-v2	cover-dominant-pair-seed-707	cover-dominant-pair	oracle	10	9.521273044513e-11
cycle-holdout-v2	cover-dominant-pair-seed-707	cover-dominant-pair	one-shot-pair-neighborhood	0	1.000000000000e0
cycle-holdout-v2	cover-dominant-pair-seed-707	cover-dominant-pair	one-shot-pair-neighborhood	1	7.167491835802e-3
cycle-holdout-v2	cover-dominant-pair-seed-707	cover-dominant-pair	one-shot-pair-neighborhood	2	5.453751698691e-4
cycle-holdout-v2	cover-dominant-pair-seed-707	cover-dominant-pair	one-shot-pair-neighborhood	3	6.388819033958e-5
cycle-holdout-v2	cover-dominant-pair-seed-707	cover-dominant-pair	one-shot-pair-neighborhood	4	2.282703297368e-6
cycle-holdout-v2	cover-dominant-pair-seed-707	cover-dominant-pair	one-shot-pair-neighborhood	5	1.220649704624e-7
cycle-holdout-v2	cover-dominant-pair-seed-707	cover-dominant-pair	one-shot-pair-neighborhood	6	8.786575535687e-9
cycle-holdout-v2	cover-dominant-pair-seed-707	cover-dominant-pair	one-shot-pair-neighborhood	7	6.515268272716e-10
cycle-holdout-v2	cover-dominant-pair-seed-707	cover-dominant-pair	one-shot-pair-neighborhood	8	5.205261392001e-11
cycle-holdout-v2	cover-dominant-pair-seed-707	cover-dominant-pair	primary-bootstrap-final	0	1.000000000000e0
cycle-holdout-v2	cover-dominant-pair-seed-707	cover-dominant-pair	primary-bootstrap-final	1	7.504067685503e-3
cycle-holdout-v2	cover-dominant-pair-seed-707	cover-dominant-pair	primary-bootstrap-final	2	6.221098175263e-4
cycle-holdout-v2	cover-dominant-pair-seed-707	cover-dominant-pair	primary-bootstrap-final	3	9.914377188073e-5
cycle-holdout-v2	cover-dominant-pair-seed-707	cover-dominant-pair	primary-bootstrap-final	4	1.064554112225e-5
cycle-holdout-v2	cover-dominant-pair-seed-707	cover-dominant-pair	primary-bootstrap-final	5	1.223162525279e-6
cycle-holdout-v2	cover-dominant-pair-seed-707	cover-dominant-pair	primary-bootstrap-final	6	1.783108607825e-7
cycle-holdout-v2	cover-dominant-pair-seed-707	cover-dominant-pair	primary-bootstrap-final	7	1.087933643722e-8
cycle-holdout-v2	cover-dominant-pair-seed-707	cover-dominant-pair	primary-bootstrap-final	8	5.233587995296e-10
cycle-holdout-v2	cover-dominant-pair-seed-707	cover-dominant-pair	primary-bootstrap-final	9	1.237701785824e-11
cycle-holdout-v2	cover-dominant-pair-seed-707	cover-dominant-pair	cycle-portfolio-final	0	1.000000000000e0
cycle-holdout-v2	cover-dominant-pair-seed-707	cover-dominant-pair	cycle-portfolio-final	1	7.167491835802e-3
cycle-holdout-v2	cover-dominant-pair-seed-707	cover-dominant-pair	cycle-portfolio-final	2	5.453751698691e-4
cycle-holdout-v2	cover-dominant-pair-seed-707	cover-dominant-pair	cycle-portfolio-final	3	6.388819033958e-5
cycle-holdout-v2	cover-dominant-pair-seed-707	cover-dominant-pair	cycle-portfolio-final	4	2.282703297368e-6
cycle-holdout-v2	cover-dominant-pair-seed-707	cover-dominant-pair	cycle-portfolio-final	5	1.220649704624e-7
cycle-holdout-v2	cover-dominant-pair-seed-707	cover-dominant-pair	cycle-portfolio-final	6	8.786575535687e-9
cycle-holdout-v2	cover-dominant-pair-seed-707	cover-dominant-pair	cycle-portfolio-final	7	6.515268272716e-10
cycle-holdout-v2	cover-dominant-pair-seed-707	cover-dominant-pair	cycle-portfolio-final	8	5.205261392001e-11
cycle-holdout-v2	cover-communities-seed-708	cover-communities	baseline-symmetric-map	0	1.000000000000e0
cycle-holdout-v2	cover-communities-seed-708	cover-communities	baseline-symmetric-map	1	2.682371483264e-2
cycle-holdout-v2	cover-communities-seed-708	cover-communities	baseline-symmetric-map	2	1.054480376606e-2
cycle-holdout-v2	cover-communities-seed-708	cover-communities	baseline-symmetric-map	3	4.887835429482e-3
cycle-holdout-v2	cover-communities-seed-708	cover-communities	baseline-symmetric-map	4	5.016439362057e-3
cycle-holdout-v2	cover-communities-seed-708	cover-communities	baseline-symmetric-map	5	3.606976143077e-3
cycle-holdout-v2	cover-communities-seed-708	cover-communities	baseline-symmetric-map	6	2.985643754741e-3
cycle-holdout-v2	cover-communities-seed-708	cover-communities	baseline-symmetric-map	7	2.678993673652e-3
cycle-holdout-v2	cover-communities-seed-708	cover-communities	baseline-symmetric-map	8	1.750511214978e-3
cycle-holdout-v2	cover-communities-seed-708	cover-communities	baseline-symmetric-map	9	9.643913495699e-4
cycle-holdout-v2	cover-communities-seed-708	cover-communities	baseline-symmetric-map	10	7.201357637426e-4
cycle-holdout-v2	cover-communities-seed-708	cover-communities	baseline-symmetric-map	11	1.035439066073e-3
cycle-holdout-v2	cover-communities-seed-708	cover-communities	baseline-symmetric-map	12	1.155089997704e-3
cycle-holdout-v2	cover-communities-seed-708	cover-communities	baseline-symmetric-map	13	1.487938516771e-3
cycle-holdout-v2	cover-communities-seed-708	cover-communities	baseline-symmetric-map	14	8.783625304187e-4
cycle-holdout-v2	cover-communities-seed-708	cover-communities	baseline-symmetric-map	15	5.725208707670e-4
cycle-holdout-v2	cover-communities-seed-708	cover-communities	baseline-symmetric-map	16	3.267899410278e-4
cycle-holdout-v2	cover-communities-seed-708	cover-communities	baseline-symmetric-map	17	3.363008524488e-4
cycle-holdout-v2	cover-communities-seed-708	cover-communities	baseline-symmetric-map	18	2.506955103118e-4
cycle-holdout-v2	cover-communities-seed-708	cover-communities	baseline-symmetric-map	19	8.197107792437e-5
cycle-holdout-v2	cover-communities-seed-708	cover-communities	baseline-symmetric-map	20	3.457474577613e-5
cycle-holdout-v2	cover-communities-seed-708	cover-communities	baseline-symmetric-map	21	2.368781698096e-5
cycle-holdout-v2	cover-communities-seed-708	cover-communities	baseline-symmetric-map	22	1.142800520766e-5
cycle-holdout-v2	cover-communities-seed-708	cover-communities	baseline-symmetric-map	23	5.668830463547e-6
cycle-holdout-v2	cover-communities-seed-708	cover-communities	baseline-symmetric-map	24	2.061292380395e-6
cycle-holdout-v2	cover-communities-seed-708	cover-communities	baseline-symmetric-map	25	1.466130403675e-6
cycle-holdout-v2	cover-communities-seed-708	cover-communities	baseline-symmetric-map	26	8.894858362664e-7
cycle-holdout-v2	cover-communities-seed-708	cover-communities	baseline-symmetric-map	27	4.614687348165e-7
cycle-holdout-v2	cover-communities-seed-708	cover-communities	baseline-symmetric-map	28	2.726820160766e-7
cycle-holdout-v2	cover-communities-seed-708	cover-communities	baseline-symmetric-map	29	8.745028817342e-8
cycle-holdout-v2	cover-communities-seed-708	cover-communities	baseline-symmetric-map	30	2.588745548297e-8
cycle-holdout-v2	cover-communities-seed-708	cover-communities	baseline-symmetric-map	31	7.664540500252e-9
cycle-holdout-v2	cover-communities-seed-708	cover-communities	baseline-symmetric-map	32	2.671063069423e-9
cycle-holdout-v2	cover-communities-seed-708	cover-communities	baseline-symmetric-map	33	9.020028589799e-10
cycle-holdout-v2	cover-communities-seed-708	cover-communities	baseline-symmetric-map	34	3.092996836743e-10
cycle-holdout-v2	cover-communities-seed-708	cover-communities	baseline-symmetric-map	35	9.622363636993e-11
cycle-holdout-v2	cover-communities-seed-708	cover-communities	oracle	0	1.000000000000e0
cycle-holdout-v2	cover-communities-seed-708	cover-communities	oracle	1	1.306275389645e-2
cycle-holdout-v2	cover-communities-seed-708	cover-communities	oracle	2	3.758860009719e-3
cycle-holdout-v2	cover-communities-seed-708	cover-communities	oracle	3	1.798677580535e-3
cycle-holdout-v2	cover-communities-seed-708	cover-communities	oracle	4	6.670096659496e-4
cycle-holdout-v2	cover-communities-seed-708	cover-communities	oracle	5	1.501735264075e-4
cycle-holdout-v2	cover-communities-seed-708	cover-communities	oracle	6	8.962137730354e-5
cycle-holdout-v2	cover-communities-seed-708	cover-communities	oracle	7	5.060546509410e-5
cycle-holdout-v2	cover-communities-seed-708	cover-communities	oracle	8	2.999284879865e-5
cycle-holdout-v2	cover-communities-seed-708	cover-communities	oracle	9	9.657188034047e-6
cycle-holdout-v2	cover-communities-seed-708	cover-communities	oracle	10	2.600527502643e-6
cycle-holdout-v2	cover-communities-seed-708	cover-communities	oracle	11	7.331377449520e-7
cycle-holdout-v2	cover-communities-seed-708	cover-communities	oracle	12	4.431082348952e-7
cycle-holdout-v2	cover-communities-seed-708	cover-communities	oracle	13	1.411128266503e-7
cycle-holdout-v2	cover-communities-seed-708	cover-communities	oracle	14	6.241757505451e-8
cycle-holdout-v2	cover-communities-seed-708	cover-communities	oracle	15	2.770680216279e-8
cycle-holdout-v2	cover-communities-seed-708	cover-communities	oracle	16	1.026867125301e-8
cycle-holdout-v2	cover-communities-seed-708	cover-communities	oracle	17	2.223984191771e-9
cycle-holdout-v2	cover-communities-seed-708	cover-communities	oracle	18	6.407969238879e-10
cycle-holdout-v2	cover-communities-seed-708	cover-communities	oracle	19	9.161229189667e-11
cycle-holdout-v2	cover-communities-seed-708	cover-communities	one-shot-pair-neighborhood	0	1.000000000000e0
cycle-holdout-v2	cover-communities-seed-708	cover-communities	one-shot-pair-neighborhood	1	5.911206126646e-3
cycle-holdout-v2	cover-communities-seed-708	cover-communities	one-shot-pair-neighborhood	2	1.010784430525e-3
cycle-holdout-v2	cover-communities-seed-708	cover-communities	one-shot-pair-neighborhood	3	2.423807802123e-4
cycle-holdout-v2	cover-communities-seed-708	cover-communities	one-shot-pair-neighborhood	4	7.370556609535e-5
cycle-holdout-v2	cover-communities-seed-708	cover-communities	one-shot-pair-neighborhood	5	2.654855934032e-5
cycle-holdout-v2	cover-communities-seed-708	cover-communities	one-shot-pair-neighborhood	6	1.258186546388e-5
cycle-holdout-v2	cover-communities-seed-708	cover-communities	one-shot-pair-neighborhood	7	2.911151250241e-6
cycle-holdout-v2	cover-communities-seed-708	cover-communities	one-shot-pair-neighborhood	8	4.265326642379e-7
cycle-holdout-v2	cover-communities-seed-708	cover-communities	one-shot-pair-neighborhood	9	7.853733838876e-8
cycle-holdout-v2	cover-communities-seed-708	cover-communities	one-shot-pair-neighborhood	10	1.952040527006e-8
cycle-holdout-v2	cover-communities-seed-708	cover-communities	one-shot-pair-neighborhood	11	1.215808163654e-8
cycle-holdout-v2	cover-communities-seed-708	cover-communities	one-shot-pair-neighborhood	12	2.755589994465e-9
cycle-holdout-v2	cover-communities-seed-708	cover-communities	one-shot-pair-neighborhood	13	4.649644959816e-10
cycle-holdout-v2	cover-communities-seed-708	cover-communities	one-shot-pair-neighborhood	14	7.871092212381e-11
cycle-holdout-v2	cover-communities-seed-708	cover-communities	primary-bootstrap-final	0	1.000000000000e0
cycle-holdout-v2	cover-communities-seed-708	cover-communities	primary-bootstrap-final	1	5.911206126646e-3
cycle-holdout-v2	cover-communities-seed-708	cover-communities	primary-bootstrap-final	2	1.010784430525e-3
cycle-holdout-v2	cover-communities-seed-708	cover-communities	primary-bootstrap-final	3	2.423807802123e-4
cycle-holdout-v2	cover-communities-seed-708	cover-communities	primary-bootstrap-final	4	7.370556609535e-5
cycle-holdout-v2	cover-communities-seed-708	cover-communities	primary-bootstrap-final	5	2.654855934032e-5
cycle-holdout-v2	cover-communities-seed-708	cover-communities	primary-bootstrap-final	6	1.258186546388e-5
cycle-holdout-v2	cover-communities-seed-708	cover-communities	primary-bootstrap-final	7	2.911151250241e-6
cycle-holdout-v2	cover-communities-seed-708	cover-communities	primary-bootstrap-final	8	4.265326642379e-7
cycle-holdout-v2	cover-communities-seed-708	cover-communities	primary-bootstrap-final	9	7.853733838876e-8
cycle-holdout-v2	cover-communities-seed-708	cover-communities	primary-bootstrap-final	10	1.952040527006e-8
cycle-holdout-v2	cover-communities-seed-708	cover-communities	primary-bootstrap-final	11	1.215808163654e-8
cycle-holdout-v2	cover-communities-seed-708	cover-communities	primary-bootstrap-final	12	2.755589994465e-9
cycle-holdout-v2	cover-communities-seed-708	cover-communities	primary-bootstrap-final	13	4.649644959816e-10
cycle-holdout-v2	cover-communities-seed-708	cover-communities	primary-bootstrap-final	14	7.871092212381e-11
cycle-holdout-v2	cover-communities-seed-708	cover-communities	cycle-portfolio-final	0	1.000000000000e0
cycle-holdout-v2	cover-communities-seed-708	cover-communities	cycle-portfolio-final	1	5.911206126646e-3
cycle-holdout-v2	cover-communities-seed-708	cover-communities	cycle-portfolio-final	2	1.010784430525e-3
cycle-holdout-v2	cover-communities-seed-708	cover-communities	cycle-portfolio-final	3	2.423807802123e-4
cycle-holdout-v2	cover-communities-seed-708	cover-communities	cycle-portfolio-final	4	7.370556609535e-5
cycle-holdout-v2	cover-communities-seed-708	cover-communities	cycle-portfolio-final	5	2.654855934032e-5
cycle-holdout-v2	cover-communities-seed-708	cover-communities	cycle-portfolio-final	6	1.258186546388e-5
cycle-holdout-v2	cover-communities-seed-708	cover-communities	cycle-portfolio-final	7	2.911151250241e-6
cycle-holdout-v2	cover-communities-seed-708	cover-communities	cycle-portfolio-final	8	4.265326642379e-7
cycle-holdout-v2	cover-communities-seed-708	cover-communities	cycle-portfolio-final	9	7.853733838876e-8
cycle-holdout-v2	cover-communities-seed-708	cover-communities	cycle-portfolio-final	10	1.952040527006e-8
cycle-holdout-v2	cover-communities-seed-708	cover-communities	cycle-portfolio-final	11	1.215808163654e-8
cycle-holdout-v2	cover-communities-seed-708	cover-communities	cycle-portfolio-final	12	2.755589994465e-9
cycle-holdout-v2	cover-communities-seed-708	cover-communities	cycle-portfolio-final	13	4.649644959816e-10
cycle-holdout-v2	cover-communities-seed-708	cover-communities	cycle-portfolio-final	14	7.871092212381e-11
cycle-holdout-v2	cover-communities-seed-709	cover-communities	baseline-symmetric-map	0	1.000000000000e0
cycle-holdout-v2	cover-communities-seed-709	cover-communities	baseline-symmetric-map	1	3.263573347130e-2
cycle-holdout-v2	cover-communities-seed-709	cover-communities	baseline-symmetric-map	2	9.439930663102e-3
cycle-holdout-v2	cover-communities-seed-709	cover-communities	baseline-symmetric-map	3	5.128088993197e-3
cycle-holdout-v2	cover-communities-seed-709	cover-communities	baseline-symmetric-map	4	4.849229528846e-3
cycle-holdout-v2	cover-communities-seed-709	cover-communities	baseline-symmetric-map	5	3.712632784180e-3
cycle-holdout-v2	cover-communities-seed-709	cover-communities	baseline-symmetric-map	6	3.328431348360e-3
cycle-holdout-v2	cover-communities-seed-709	cover-communities	baseline-symmetric-map	7	2.073970575714e-3
cycle-holdout-v2	cover-communities-seed-709	cover-communities	baseline-symmetric-map	8	1.336000684974e-3
cycle-holdout-v2	cover-communities-seed-709	cover-communities	baseline-symmetric-map	9	1.052634189779e-3
cycle-holdout-v2	cover-communities-seed-709	cover-communities	baseline-symmetric-map	10	6.831014709096e-4
cycle-holdout-v2	cover-communities-seed-709	cover-communities	baseline-symmetric-map	11	9.076603908011e-4
cycle-holdout-v2	cover-communities-seed-709	cover-communities	baseline-symmetric-map	12	9.096409091936e-4
cycle-holdout-v2	cover-communities-seed-709	cover-communities	baseline-symmetric-map	13	1.408579158091e-3
cycle-holdout-v2	cover-communities-seed-709	cover-communities	baseline-symmetric-map	14	1.117089082618e-3
cycle-holdout-v2	cover-communities-seed-709	cover-communities	baseline-symmetric-map	15	5.691703198177e-4
cycle-holdout-v2	cover-communities-seed-709	cover-communities	baseline-symmetric-map	16	3.689060957350e-4
cycle-holdout-v2	cover-communities-seed-709	cover-communities	baseline-symmetric-map	17	1.820197442241e-4
cycle-holdout-v2	cover-communities-seed-709	cover-communities	baseline-symmetric-map	18	7.825469171222e-5
cycle-holdout-v2	cover-communities-seed-709	cover-communities	baseline-symmetric-map	19	3.934643046028e-5
cycle-holdout-v2	cover-communities-seed-709	cover-communities	baseline-symmetric-map	20	2.036024228013e-5
cycle-holdout-v2	cover-communities-seed-709	cover-communities	baseline-symmetric-map	21	1.060733017432e-5
cycle-holdout-v2	cover-communities-seed-709	cover-communities	baseline-symmetric-map	22	7.398157635757e-6
cycle-holdout-v2	cover-communities-seed-709	cover-communities	baseline-symmetric-map	23	2.690862625891e-6
cycle-holdout-v2	cover-communities-seed-709	cover-communities	baseline-symmetric-map	24	1.112508974090e-6
cycle-holdout-v2	cover-communities-seed-709	cover-communities	baseline-symmetric-map	25	6.094584825011e-7
cycle-holdout-v2	cover-communities-seed-709	cover-communities	baseline-symmetric-map	26	3.277194172392e-7
cycle-holdout-v2	cover-communities-seed-709	cover-communities	baseline-symmetric-map	27	1.421530551408e-7
cycle-holdout-v2	cover-communities-seed-709	cover-communities	baseline-symmetric-map	28	5.715682690113e-8
cycle-holdout-v2	cover-communities-seed-709	cover-communities	baseline-symmetric-map	29	1.702790730179e-8
cycle-holdout-v2	cover-communities-seed-709	cover-communities	baseline-symmetric-map	30	5.126270169865e-9
cycle-holdout-v2	cover-communities-seed-709	cover-communities	baseline-symmetric-map	31	2.126343566150e-9
cycle-holdout-v2	cover-communities-seed-709	cover-communities	baseline-symmetric-map	32	1.482594981954e-9
cycle-holdout-v2	cover-communities-seed-709	cover-communities	baseline-symmetric-map	33	4.345206026216e-10
cycle-holdout-v2	cover-communities-seed-709	cover-communities	baseline-symmetric-map	34	1.760319742873e-10
cycle-holdout-v2	cover-communities-seed-709	cover-communities	baseline-symmetric-map	35	1.060254043802e-10
cycle-holdout-v2	cover-communities-seed-709	cover-communities	baseline-symmetric-map	36	2.633893018142e-11
cycle-holdout-v2	cover-communities-seed-709	cover-communities	oracle	0	1.000000000000e0
cycle-holdout-v2	cover-communities-seed-709	cover-communities	oracle	1	1.211587439339e-2
cycle-holdout-v2	cover-communities-seed-709	cover-communities	oracle	2	3.464891725968e-3
cycle-holdout-v2	cover-communities-seed-709	cover-communities	oracle	3	1.276154152837e-3
cycle-holdout-v2	cover-communities-seed-709	cover-communities	oracle	4	5.337499302967e-4
cycle-holdout-v2	cover-communities-seed-709	cover-communities	oracle	5	2.012118717099e-4
cycle-holdout-v2	cover-communities-seed-709	cover-communities	oracle	6	7.696355602137e-5
cycle-holdout-v2	cover-communities-seed-709	cover-communities	oracle	7	2.183405504271e-5
cycle-holdout-v2	cover-communities-seed-709	cover-communities	oracle	8	7.158330296841e-6
cycle-holdout-v2	cover-communities-seed-709	cover-communities	oracle	9	2.886591406591e-6
cycle-holdout-v2	cover-communities-seed-709	cover-communities	oracle	10	1.012041820908e-6
cycle-holdout-v2	cover-communities-seed-709	cover-communities	oracle	11	4.802384865461e-7
cycle-holdout-v2	cover-communities-seed-709	cover-communities	oracle	12	1.911393529755e-7
cycle-holdout-v2	cover-communities-seed-709	cover-communities	oracle	13	5.754496928657e-8
cycle-holdout-v2	cover-communities-seed-709	cover-communities	oracle	14	1.760546879123e-8
cycle-holdout-v2	cover-communities-seed-709	cover-communities	oracle	15	8.717595070964e-9
cycle-holdout-v2	cover-communities-seed-709	cover-communities	oracle	16	1.826533658035e-9
cycle-holdout-v2	cover-communities-seed-709	cover-communities	oracle	17	3.921164650341e-10
cycle-holdout-v2	cover-communities-seed-709	cover-communities	oracle	18	9.970293590921e-11
cycle-holdout-v2	cover-communities-seed-709	cover-communities	one-shot-pair-neighborhood	0	1.000000000000e0
cycle-holdout-v2	cover-communities-seed-709	cover-communities	one-shot-pair-neighborhood	1	8.646906157511e-3
cycle-holdout-v2	cover-communities-seed-709	cover-communities	one-shot-pair-neighborhood	2	2.226929348087e-3
cycle-holdout-v2	cover-communities-seed-709	cover-communities	one-shot-pair-neighborhood	3	6.152003717671e-4
cycle-holdout-v2	cover-communities-seed-709	cover-communities	one-shot-pair-neighborhood	4	1.371421525477e-4
cycle-holdout-v2	cover-communities-seed-709	cover-communities	one-shot-pair-neighborhood	5	6.197378549747e-5
cycle-holdout-v2	cover-communities-seed-709	cover-communities	one-shot-pair-neighborhood	6	1.467849047760e-5
cycle-holdout-v2	cover-communities-seed-709	cover-communities	one-shot-pair-neighborhood	7	1.907786184656e-6
cycle-holdout-v2	cover-communities-seed-709	cover-communities	one-shot-pair-neighborhood	8	5.714340802008e-7
cycle-holdout-v2	cover-communities-seed-709	cover-communities	one-shot-pair-neighborhood	9	1.116573188317e-7
cycle-holdout-v2	cover-communities-seed-709	cover-communities	one-shot-pair-neighborhood	10	2.685388943270e-8
cycle-holdout-v2	cover-communities-seed-709	cover-communities	one-shot-pair-neighborhood	11	7.326221318030e-9
cycle-holdout-v2	cover-communities-seed-709	cover-communities	one-shot-pair-neighborhood	12	1.569220495861e-9
cycle-holdout-v2	cover-communities-seed-709	cover-communities	one-shot-pair-neighborhood	13	2.253938242518e-10
cycle-holdout-v2	cover-communities-seed-709	cover-communities	one-shot-pair-neighborhood	14	4.510147231823e-11
cycle-holdout-v2	cover-communities-seed-709	cover-communities	primary-bootstrap-final	0	1.000000000000e0
cycle-holdout-v2	cover-communities-seed-709	cover-communities	primary-bootstrap-final	1	8.646906157511e-3
cycle-holdout-v2	cover-communities-seed-709	cover-communities	primary-bootstrap-final	2	2.226929348087e-3
cycle-holdout-v2	cover-communities-seed-709	cover-communities	primary-bootstrap-final	3	6.152003717671e-4
cycle-holdout-v2	cover-communities-seed-709	cover-communities	primary-bootstrap-final	4	1.371421525477e-4
cycle-holdout-v2	cover-communities-seed-709	cover-communities	primary-bootstrap-final	5	6.197378549747e-5
cycle-holdout-v2	cover-communities-seed-709	cover-communities	primary-bootstrap-final	6	1.467849047760e-5
cycle-holdout-v2	cover-communities-seed-709	cover-communities	primary-bootstrap-final	7	1.907786184656e-6
cycle-holdout-v2	cover-communities-seed-709	cover-communities	primary-bootstrap-final	8	5.714340802008e-7
cycle-holdout-v2	cover-communities-seed-709	cover-communities	primary-bootstrap-final	9	1.116573188317e-7
cycle-holdout-v2	cover-communities-seed-709	cover-communities	primary-bootstrap-final	10	2.685388943270e-8
cycle-holdout-v2	cover-communities-seed-709	cover-communities	primary-bootstrap-final	11	7.326221318030e-9
cycle-holdout-v2	cover-communities-seed-709	cover-communities	primary-bootstrap-final	12	1.569220495861e-9
cycle-holdout-v2	cover-communities-seed-709	cover-communities	primary-bootstrap-final	13	2.253938242518e-10
cycle-holdout-v2	cover-communities-seed-709	cover-communities	primary-bootstrap-final	14	4.510147231823e-11
cycle-holdout-v2	cover-communities-seed-709	cover-communities	cycle-portfolio-final	0	1.000000000000e0
cycle-holdout-v2	cover-communities-seed-709	cover-communities	cycle-portfolio-final	1	8.646906157511e-3
cycle-holdout-v2	cover-communities-seed-709	cover-communities	cycle-portfolio-final	2	2.226929348087e-3
cycle-holdout-v2	cover-communities-seed-709	cover-communities	cycle-portfolio-final	3	6.152003717671e-4
cycle-holdout-v2	cover-communities-seed-709	cover-communities	cycle-portfolio-final	4	1.371421525477e-4
cycle-holdout-v2	cover-communities-seed-709	cover-communities	cycle-portfolio-final	5	6.197378549747e-5
cycle-holdout-v2	cover-communities-seed-709	cover-communities	cycle-portfolio-final	6	1.467849047760e-5
cycle-holdout-v2	cover-communities-seed-709	cover-communities	cycle-portfolio-final	7	1.907786184656e-6
cycle-holdout-v2	cover-communities-seed-709	cover-communities	cycle-portfolio-final	8	5.714340802008e-7
cycle-holdout-v2	cover-communities-seed-709	cover-communities	cycle-portfolio-final	9	1.116573188317e-7
cycle-holdout-v2	cover-communities-seed-709	cover-communities	cycle-portfolio-final	10	2.685388943270e-8
cycle-holdout-v2	cover-communities-seed-709	cover-communities	cycle-portfolio-final	11	7.326221318030e-9
cycle-holdout-v2	cover-communities-seed-709	cover-communities	cycle-portfolio-final	12	1.569220495861e-9
cycle-holdout-v2	cover-communities-seed-709	cover-communities	cycle-portfolio-final	13	2.253938242518e-10
cycle-holdout-v2	cover-communities-seed-709	cover-communities	cycle-portfolio-final	14	4.510147231823e-11
