set	case	family	method	iteration	relative_true_residual
calibration	dominant-pair-weak-third-cover-476	dominant-pair-weak-third	oracle	0	1.000000000000e0
calibration	dominant-pair-weak-third-cover-476	dominant-pair-weak-third	oracle	1	1.062887747446e-2
calibration	dominant-pair-weak-third-cover-476	dominant-pair-weak-third	oracle	2	9.121201065926e-4
calibration	dominant-pair-weak-third-cover-476	dominant-pair-weak-third	oracle	3	1.353430437049e-4
calibration	dominant-pair-weak-third-cover-476	dominant-pair-weak-third	oracle	4	6.631558041793e-6
calibration	dominant-pair-weak-third-cover-476	dominant-pair-weak-third	oracle	5	1.213207521536e-6
calibration	dominant-pair-weak-third-cover-476	dominant-pair-weak-third	oracle	6	6.147933041479e-8
calibration	dominant-pair-weak-third-cover-476	dominant-pair-weak-third	oracle	7	7.941305495014e-10
calibration	dominant-pair-weak-third-cover-476	dominant-pair-weak-third	oracle	8	1.368968605989e-11
calibration	dominant-pair-weak-third-cover-476	dominant-pair-weak-third	baseline-symmetric-map	0	1.000000000000e0
calibration	dominant-pair-weak-third-cover-476	dominant-pair-weak-third	baseline-symmetric-map	1	2.591567474970e-2
calibration	dominant-pair-weak-third-cover-476	dominant-pair-weak-third	baseline-symmetric-map	2	5.973166534846e-3
calibration	dominant-pair-weak-third-cover-476	dominant-pair-weak-third	baseline-symmetric-map	3	3.815774717053e-3
calibration	dominant-pair-weak-third-cover-476	dominant-pair-weak-third	baseline-symmetric-map	4	4.845855115361e-3
calibration	dominant-pair-weak-third-cover-476	dominant-pair-weak-third	baseline-symmetric-map	5	4.525075578750e-3
calibration	dominant-pair-weak-third-cover-476	dominant-pair-weak-third	baseline-symmetric-map	6	1.042091597385e-3
calibration	dominant-pair-weak-third-cover-476	dominant-pair-weak-third	baseline-symmetric-map	7	8.318883886932e-5
calibration	dominant-pair-weak-third-cover-476	dominant-pair-weak-third	baseline-symmetric-map	8	2.473399664612e-5
calibration	dominant-pair-weak-third-cover-476	dominant-pair-weak-third	baseline-symmetric-map	9	7.442763810630e-6
calibration	dominant-pair-weak-third-cover-476	dominant-pair-weak-third	baseline-symmetric-map	10	7.751565061214e-7
calibration	dominant-pair-weak-third-cover-476	dominant-pair-weak-third	baseline-symmetric-map	11	5.501441462951e-8
calibration	dominant-pair-weak-third-cover-476	dominant-pair-weak-third	baseline-symmetric-map	12	1.588881830336e-9
calibration	dominant-pair-weak-third-cover-476	dominant-pair-weak-third	baseline-symmetric-map	13	7.384894912867e-11
calibration	dominant-pair-weak-third-cover-476	dominant-pair-weak-third	one-shot-pair-neighborhood	0	1.000000000000e0
calibration	dominant-pair-weak-third-cover-476	dominant-pair-weak-third	one-shot-pair-neighborhood	1	5.818897724975e-3
calibration	dominant-pair-weak-third-cover-476	dominant-pair-weak-third	one-shot-pair-neighborhood	2	3.513976672146e-3
calibration	dominant-pair-weak-third-cover-476	dominant-pair-weak-third	one-shot-pair-neighborhood	3	3.146439641059e-3
calibration	dominant-pair-weak-third-cover-476	dominant-pair-weak-third	one-shot-pair-neighborhood	4	3.275141479141e-4
calibration	dominant-pair-weak-third-cover-476	dominant-pair-weak-third	one-shot-pair-neighborhood	5	2.050157420107e-5
calibration	dominant-pair-weak-third-cover-476	dominant-pair-weak-third	one-shot-pair-neighborhood	6	3.690984769229e-7
calibration	dominant-pair-weak-third-cover-476	dominant-pair-weak-third	one-shot-pair-neighborhood	7	6.166227939779e-9
calibration	dominant-pair-weak-third-cover-476	dominant-pair-weak-third	one-shot-pair-neighborhood	8	2.258042149159e-11
calibration	dominant-pair-weak-third-cover-476	dominant-pair-weak-third	bootstrap-initial	0	1.000000000000e0
calibration	dominant-pair-weak-third-cover-476	dominant-pair-weak-third	bootstrap-initial	1	6.973201788963e-3
calibration	dominant-pair-weak-third-cover-476	dominant-pair-weak-third	bootstrap-initial	2	3.055557199699e-3
calibration	dominant-pair-weak-third-cover-476	dominant-pair-weak-third	bootstrap-initial	3	1.300155641581e-3
calibration	dominant-pair-weak-third-cover-476	dominant-pair-weak-third	bootstrap-initial	4	2.432374026714e-4
calibration	dominant-pair-weak-third-cover-476	dominant-pair-weak-third	bootstrap-initial	5	5.806284598325e-6
calibration	dominant-pair-weak-third-cover-476	dominant-pair-weak-third	bootstrap-initial	6	9.828148378701e-8
calibration	dominant-pair-weak-third-cover-476	dominant-pair-weak-third	bootstrap-initial	7	4.649386755640e-9
calibration	dominant-pair-weak-third-cover-476	dominant-pair-weak-third	bootstrap-initial	8	4.693537279822e-11
calibration	dominant-pair-weak-third-cover-476	dominant-pair-weak-third	bootstrap-final	0	1.000000000000e0
calibration	dominant-pair-weak-third-cover-476	dominant-pair-weak-third	bootstrap-final	1	6.973201788963e-3
calibration	dominant-pair-weak-third-cover-476	dominant-pair-weak-third	bootstrap-final	2	3.055557199699e-3
calibration	dominant-pair-weak-third-cover-476	dominant-pair-weak-third	bootstrap-final	3	1.300155641581e-3
calibration	dominant-pair-weak-third-cover-476	dominant-pair-weak-third	bootstrap-final	4	2.432374026714e-4
calibration	dominant-pair-weak-third-cover-476	dominant-pair-weak-third	bootstrap-final	5	5.806284598325e-6
calibration	dominant-pair-weak-third-cover-476	dominant-pair-weak-third	bootstrap-final	6	9.828148378701e-8
calibration	dominant-pair-weak-third-cover-476	dominant-pair-weak-third	bootstrap-final	7	4.649386755640e-9
calibration	dominant-pair-weak-third-cover-476	dominant-pair-weak-third	bootstrap-final	8	4.693537279822e-11
calibration	dominant-pair-weak-third-cover-421	dominant-pair-weak-third	oracle	0	1.000000000000e0
calibration	dominant-pair-weak-third-cover-421	dominant-pair-weak-third	oracle	1	9.212935977883e-3
calibration	dominant-pair-weak-third-cover-421	dominant-pair-weak-third	oracle	2	1.196712970343e-3
calibration	dominant-pair-weak-third-cover-421	dominant-pair-weak-third	oracle	3	1.967818569876e-4
calibration	dominant-pair-weak-third-cover-421	dominant-pair-weak-third	oracle	4	8.794253678595e-6
calibration	dominant-pair-weak-third-cover-421	dominant-pair-weak-third	oracle	5	2.812013639813e-7
calibration	dominant-pair-weak-third-cover-421	dominant-pair-weak-third	oracle	6	2.454708887087e-8
calibration	dominant-pair-weak-third-cover-421	dominant-pair-weak-third	oracle	7	8.508308389066e-10
calibration	dominant-pair-weak-third-cover-421	dominant-pair-weak-third	oracle	8	7.036389992754e-11
calibration	dominant-pair-weak-third-cover-421	dominant-pair-weak-third	baseline-symmetric-map	0	1.000000000000e0
calibration	dominant-pair-weak-third-cover-421	dominant-pair-weak-third	baseline-symmetric-map	1	1.947034762089e-2
calibration	dominant-pair-weak-third-cover-421	dominant-pair-weak-third	baseline-symmetric-map	2	7.768503851083e-3
calibration	dominant-pair-weak-third-cover-421	dominant-pair-weak-third	baseline-symmetric-map	3	3.705979206907e-3
calibration	dominant-pair-weak-third-cover-421	dominant-pair-weak-third	baseline-symmetric-map	4	5.369638763938e-3
calibration	dominant-pair-weak-third-cover-421	dominant-pair-weak-third	baseline-symmetric-map	5	5.466707298745e-3
calibration	dominant-pair-weak-third-cover-421	dominant-pair-weak-third	baseline-symmetric-map	6	1.053742063335e-3
calibration	dominant-pair-weak-third-cover-421	dominant-pair-weak-third	baseline-symmetric-map	7	1.875562291116e-4
calibration	dominant-pair-weak-third-cover-421	dominant-pair-weak-third	baseline-symmetric-map	8	2.162220852125e-5
calibration	dominant-pair-weak-third-cover-421	dominant-pair-weak-third	baseline-symmetric-map	9	2.978174855339e-6
calibration	dominant-pair-weak-third-cover-421	dominant-pair-weak-third	baseline-symmetric-map	10	4.475462046752e-7
calibration	dominant-pair-weak-third-cover-421	dominant-pair-weak-third	baseline-symmetric-map	11	4.313356230630e-8
calibration	dominant-pair-weak-third-cover-421	dominant-pair-weak-third	baseline-symmetric-map	12	1.012802739972e-8
calibration	dominant-pair-weak-third-cover-421	dominant-pair-weak-third	baseline-symmetric-map	13	2.556876545458e-10
calibration	dominant-pair-weak-third-cover-421	dominant-pair-weak-third	baseline-symmetric-map	14	2.104451290282e-12
calibration	dominant-pair-weak-third-cover-421	dominant-pair-weak-third	one-shot-pair-neighborhood	0	1.000000000000e0
calibration	dominant-pair-weak-third-cover-421	dominant-pair-weak-third	one-shot-pair-neighborhood	1	5.454480773430e-3
calibration	dominant-pair-weak-third-cover-421	dominant-pair-weak-third	one-shot-pair-neighborhood	2	3.735377743201e-3
calibration	dominant-pair-weak-third-cover-421	dominant-pair-weak-third	one-shot-pair-neighborhood	3	2.007443748409e-3
calibration	dominant-pair-weak-third-cover-421	dominant-pair-weak-third	one-shot-pair-neighborhood	4	6.824887520554e-5
calibration	dominant-pair-weak-third-cover-421	dominant-pair-weak-third	one-shot-pair-neighborhood	5	1.915541021520e-6
calibration	dominant-pair-weak-third-cover-421	dominant-pair-weak-third	one-shot-pair-neighborhood	6	1.416116919258e-8
calibration	dominant-pair-weak-third-cover-421	dominant-pair-weak-third	one-shot-pair-neighborhood	7	8.293408692652e-10
calibration	dominant-pair-weak-third-cover-421	dominant-pair-weak-third	one-shot-pair-neighborhood	8	9.342856812913e-12
calibration	dominant-pair-weak-third-cover-421	dominant-pair-weak-third	bootstrap-initial	0	1.000000000000e0
calibration	dominant-pair-weak-third-cover-421	dominant-pair-weak-third	bootstrap-initial	1	6.250107989606e-3
calibration	dominant-pair-weak-third-cover-421	dominant-pair-weak-third	bootstrap-initial	2	3.264965486284e-3
calibration	dominant-pair-weak-third-cover-421	dominant-pair-weak-third	bootstrap-initial	3	1.727778551838e-3
calibration	dominant-pair-weak-third-cover-421	dominant-pair-weak-third	bootstrap-initial	4	1.339228985596e-4
calibration	dominant-pair-weak-third-cover-421	dominant-pair-weak-third	bootstrap-initial	5	4.197165096245e-6
calibration	dominant-pair-weak-third-cover-421	dominant-pair-weak-third	bootstrap-initial	6	1.482443917769e-7
calibration	dominant-pair-weak-third-cover-421	dominant-pair-weak-third	bootstrap-initial	7	3.312516490782e-9
calibration	dominant-pair-weak-third-cover-421	dominant-pair-weak-third	bootstrap-initial	8	7.496383353063e-11
calibration	dominant-pair-weak-third-cover-421	dominant-pair-weak-third	bootstrap-final	0	1.000000000000e0
calibration	dominant-pair-weak-third-cover-421	dominant-pair-weak-third	bootstrap-final	1	5.454480773430e-3
calibration	dominant-pair-weak-third-cover-421	dominant-pair-weak-third	bootstrap-final	2	3.735377743201e-3
calibration	dominant-pair-weak-third-cover-421	dominant-pair-weak-third	bootstrap-final	3	2.007443748409e-3
calibration	dominant-pair-weak-third-cover-421	dominant-pair-weak-third	bootstrap-final	4	6.824887520554e-5
calibration	dominant-pair-weak-third-cover-421	dominant-pair-weak-third	bootstrap-final	5	1.915541021520e-6
calibration	dominant-pair-weak-third-cover-421	dominant-pair-weak-third	bootstrap-final	6	1.416116919258e-8
calibration	dominant-pair-weak-third-cover-421	dominant-pair-weak-third	bootstrap-final	7	8.293408692652e-10
calibration	dominant-pair-weak-third-cover-421	dominant-pair-weak-third	bootstrap-final	8	9.342856812913e-12
calibration	nearly-nested-cover-175	nearly-nested	oracle	0	1.000000000000e0
calibration	nearly-nested-cover-175	nearly-nested	oracle	1	2.091676636146e-2
calibration	nearly-nested-cover-175	nearly-nested	oracle	2	3.554597232048e-3
calibration	nearly-nested-cover-175	nearly-nested	oracle	3	5.310636266750e-4
calibration	nearly-nested-cover-175	nearly-nested	oracle	4	4.725649326436e-5
calibration	nearly-nested-cover-175	nearly-nested	oracle	5	1.273994967823e-5
calibration	nearly-nested-cover-175	nearly-nested	oracle	6	6.546245474798e-7
calibration	nearly-nested-cover-175	nearly-nested	oracle	7	3.633064228371e-8
calibration	nearly-nested-cover-175	nearly-nested	oracle	8	3.239855191931e-9
calibration	nearly-nested-cover-175	nearly-nested	oracle	9	5.239561394705e-12
calibration	nearly-nested-cover-175	nearly-nested	baseline-symmetric-map	0	1.000000000000e0
calibration	nearly-nested-cover-175	nearly-nested	baseline-symmetric-map	1	4.009871638475e-2
calibration	nearly-nested-cover-175	nearly-nested	baseline-symmetric-map	2	1.297498009858e-2
calibration	nearly-nested-cover-175	nearly-nested	baseline-symmetric-map	3	4.805508237044e-3
calibration	nearly-nested-cover-175	nearly-nested	baseline-symmetric-map	4	7.103397859708e-3
calibration	nearly-nested-cover-175	nearly-nested	baseline-symmetric-map	5	7.670728266990e-3
calibration	nearly-nested-cover-175	nearly-nested	baseline-symmetric-map	6	4.546067507983e-3
calibration	nearly-nested-cover-175	nearly-nested	baseline-symmetric-map	7	2.200284631835e-3
calibration	nearly-nested-cover-175	nearly-nested	baseline-symmetric-map	8	5.358311775644e-3
calibration	nearly-nested-cover-175	nearly-nested	baseline-symmetric-map	9	3.202916269898e-3
calibration	nearly-nested-cover-175	nearly-nested	baseline-symmetric-map	10	1.686674532037e-3
calibration	nearly-nested-cover-175	nearly-nested	baseline-symmetric-map	11	7.746636809325e-4
calibration	nearly-nested-cover-175	nearly-nested	baseline-symmetric-map	12	1.417329212242e-3
calibration	nearly-nested-cover-175	nearly-nested	baseline-symmetric-map	13	9.609744393565e-4
calibration	nearly-nested-cover-175	nearly-nested	baseline-symmetric-map	14	2.689923601659e-5
calibration	nearly-nested-cover-175	nearly-nested	baseline-symmetric-map	15	1.373311756278e-5
calibration	nearly-nested-cover-175	nearly-nested	baseline-symmetric-map	16	2.514675098752e-5
calibration	nearly-nested-cover-175	nearly-nested	baseline-symmetric-map	17	6.319968924738e-6
calibration	nearly-nested-cover-175	nearly-nested	baseline-symmetric-map	18	1.919025687010e-7
calibration	nearly-nested-cover-175	nearly-nested	baseline-symmetric-map	19	6.539015951407e-12
calibration	nearly-nested-cover-175	nearly-nested	one-shot-pair-neighborhood	0	1.000000000000e0
calibration	nearly-nested-cover-175	nearly-nested	one-shot-pair-neighborhood	1	1.588342422437e-2
calibration	nearly-nested-cover-175	nearly-nested	one-shot-pair-neighborhood	2	4.433535663067e-3
calibration	nearly-nested-cover-175	nearly-nested	one-shot-pair-neighborhood	3	6.476349253419e-3
calibration	nearly-nested-cover-175	nearly-nested	one-shot-pair-neighborhood	4	1.840591355649e-3
calibration	nearly-nested-cover-175	nearly-nested	one-shot-pair-neighborhood	5	1.474935716039e-3
calibration	nearly-nested-cover-175	nearly-nested	one-shot-pair-neighborhood	6	2.527920789038e-3
calibration	nearly-nested-cover-175	nearly-nested	one-shot-pair-neighborhood	7	8.040366374947e-4
calibration	nearly-nested-cover-175	nearly-nested	one-shot-pair-neighborhood	8	9.804153169094e-4
calibration	nearly-nested-cover-175	nearly-nested	one-shot-pair-neighborhood	9	2.671308348142e-4
calibration	nearly-nested-cover-175	nearly-nested	one-shot-pair-neighborhood	10	5.504246232708e-4
calibration	nearly-nested-cover-175	nearly-nested	one-shot-pair-neighborhood	11	3.207446269644e-5
calibration	nearly-nested-cover-175	nearly-nested	one-shot-pair-neighborhood	12	2.198102269609e-7
calibration	nearly-nested-cover-175	nearly-nested	one-shot-pair-neighborhood	13	1.198669890173e-9
calibration	nearly-nested-cover-175	nearly-nested	one-shot-pair-neighborhood	14	7.918711807714e-13
calibration	nearly-nested-cover-175	nearly-nested	bootstrap-initial	0	1.000000000000e0
calibration	nearly-nested-cover-175	nearly-nested	bootstrap-initial	1	1.515634549061e-2
calibration	nearly-nested-cover-175	nearly-nested	bootstrap-initial	2	5.547186083928e-3
calibration	nearly-nested-cover-175	nearly-nested	bootstrap-initial	3	7.268875720450e-3
calibration	nearly-nested-cover-175	nearly-nested	bootstrap-initial	4	3.094985590891e-3
calibration	nearly-nested-cover-175	nearly-nested	bootstrap-initial	5	2.266376358392e-3
calibration	nearly-nested-cover-175	nearly-nested	bootstrap-initial	6	2.385464839205e-3
calibration	nearly-nested-cover-175	nearly-nested	bootstrap-initial	7	7.313093897274e-4
calibration	nearly-nested-cover-175	nearly-nested	bootstrap-initial	8	6.627452788554e-4
calibration	nearly-nested-cover-175	nearly-nested	bootstrap-initial	9	1.275832365971e-4
calibration	nearly-nested-cover-175	nearly-nested	bootstrap-initial	10	1.256223334185e-4
calibration	nearly-nested-cover-175	nearly-nested	bootstrap-initial	11	8.645254664464e-5
calibration	nearly-nested-cover-175	nearly-nested	bootstrap-initial	12	5.218361999079e-5
calibration	nearly-nested-cover-175	nearly-nested	bootstrap-initial	13	8.993325064377e-6
calibration	nearly-nested-cover-175	nearly-nested	bootstrap-initial	14	3.417151160635e-8
calibration	nearly-nested-cover-175	nearly-nested	bootstrap-initial	15	9.148164198736e-12
calibration	nearly-nested-cover-175	nearly-nested	bootstrap-final	0	1.000000000000e0
calibration	nearly-nested-cover-175	nearly-nested	bootstrap-final	1	9.673901935599e-3
calibration	nearly-nested-cover-175	nearly-nested	bootstrap-final	2	5.762843932869e-3
calibration	nearly-nested-cover-175	nearly-nested	bootstrap-final	3	6.986872556463e-3
calibration	nearly-nested-cover-175	nearly-nested	bootstrap-final	4	2.470591761277e-3
calibration	nearly-nested-cover-175	nearly-nested	bootstrap-final	5	1.897291822316e-3
calibration	nearly-nested-cover-175	nearly-nested	bootstrap-final	6	2.675179375289e-3
calibration	nearly-nested-cover-175	nearly-nested	bootstrap-final	7	6.117315700978e-4
calibration	nearly-nested-cover-175	nearly-nested	bootstrap-final	8	4.036948394986e-4
calibration	nearly-nested-cover-175	nearly-nested	bootstrap-final	9	8.232044647224e-5
calibration	nearly-nested-cover-175	nearly-nested	bootstrap-final	10	3.613938943956e-5
calibration	nearly-nested-cover-175	nearly-nested	bootstrap-final	11	1.229883385946e-5
calibration	nearly-nested-cover-175	nearly-nested	bootstrap-final	12	5.073396362736e-6
calibration	nearly-nested-cover-175	nearly-nested	bootstrap-final	13	3.375316003257e-7
calibration	nearly-nested-cover-175	nearly-nested	bootstrap-final	14	2.771003940610e-10
calibration	nearly-nested-cover-175	nearly-nested	bootstrap-final	15	4.357312819164e-15
calibration	nearly-nested-cover-370	nearly-nested	oracle	0	1.000000000000e0
calibration	nearly-nested-cover-370	nearly-nested	oracle	1	1.015312855502e-2
calibration	nearly-nested-cover-370	nearly-nested	oracle	2	1.583138951697e-3
calibration	nearly-nested-cover-370	nearly-nested	oracle	3	4.143943118342e-4
calibration	nearly-nested-cover-370	nearly-nested	oracle	4	1.295094860188e-4
calibration	nearly-nested-cover-370	nearly-nested	oracle	5	3.248158181397e-6
calibration	nearly-nested-cover-370	nearly-nested	oracle	6	4.299823129649e-7
calibration	nearly-nested-cover-370	nearly-nested	oracle	7	6.315297351017e-9
calibration	nearly-nested-cover-370	nearly-nested	oracle	8	7.106664135833e-11
calibration	nearly-nested-cover-370	nearly-nested	baseline-symmetric-map	0	1.000000000000e0
calibration	nearly-nested-cover-370	nearly-nested	baseline-symmetric-map	1	1.717839447013e-2
calibration	nearly-nested-cover-370	nearly-nested	baseline-symmetric-map	2	1.035736374421e-2
calibration	nearly-nested-cover-370	nearly-nested	baseline-symmetric-map	3	5.089595988355e-3
calibration	nearly-nested-cover-370	nearly-nested	baseline-symmetric-map	4	7.442288883402e-3
calibration	nearly-nested-cover-370	nearly-nested	baseline-symmetric-map	5	5.856961574240e-3
calibration	nearly-nested-cover-370	nearly-nested	baseline-symmetric-map	6	3.343787634425e-3
calibration	nearly-nested-cover-370	nearly-nested	baseline-symmetric-map	7	2.645142710060e-3
calibration	nearly-nested-cover-370	nearly-nested	baseline-symmetric-map	8	3.180073176021e-3
calibration	nearly-nested-cover-370	nearly-nested	baseline-symmetric-map	9	3.273516037503e-3
calibration	nearly-nested-cover-370	nearly-nested	baseline-symmetric-map	10	1.049141574945e-3
calibration	nearly-nested-cover-370	nearly-nested	baseline-symmetric-map	11	8.643087846269e-4
calibration	nearly-nested-cover-370	nearly-nested	baseline-symmetric-map	12	1.606579888458e-3
calibration	nearly-nested-cover-370	nearly-nested	baseline-symmetric-map	13	1.819330514083e-4
calibration	nearly-nested-cover-370	nearly-nested	baseline-symmetric-map	14	1.140154165852e-5
calibration	nearly-nested-cover-370	nearly-nested	baseline-symmetric-map	15	3.411084853221e-5
calibration	nearly-nested-cover-370	nearly-nested	baseline-symmetric-map	16	6.074989024363e-6
calibration	nearly-nested-cover-370	nearly-nested	baseline-symmetric-map	17	1.300599146081e-5
calibration	nearly-nested-cover-370	nearly-nested	baseline-symmetric-map	18	3.094147011083e-9
calibration	nearly-nested-cover-370	nearly-nested	baseline-symmetric-map	19	4.114822141885e-14
calibration	nearly-nested-cover-370	nearly-nested	one-shot-pair-neighborhood	0	1.000000000000e0
calibration	nearly-nested-cover-370	nearly-nested	one-shot-pair-neighborhood	1	6.691938618670e-3
calibration	nearly-nested-cover-370	nearly-nested	one-shot-pair-neighborhood	2	4.752438433087e-3
calibration	nearly-nested-cover-370	nearly-nested	one-shot-pair-neighborhood	3	5.905990599955e-3
calibration	nearly-nested-cover-370	nearly-nested	one-shot-pair-neighborhood	4	2.323121605986e-3
calibration	nearly-nested-cover-370	nearly-nested	one-shot-pair-neighborhood	5	2.922818261113e-3
calibration	nearly-nested-cover-370	nearly-nested	one-shot-pair-neighborhood	6	2.685944464474e-3
calibration	nearly-nested-cover-370	nearly-nested	one-shot-pair-neighborhood	7	9.052058644774e-4
calibration	nearly-nested-cover-370	nearly-nested	one-shot-pair-neighborhood	8	1.300691987780e-3
calibration	nearly-nested-cover-370	nearly-nested	one-shot-pair-neighborhood	9	8.126118513909e-6
calibration	nearly-nested-cover-370	nearly-nested	one-shot-pair-neighborhood	10	1.769844193586e-5
calibration	nearly-nested-cover-370	nearly-nested	one-shot-pair-neighborhood	11	4.671023112489e-8
calibration	nearly-nested-cover-370	nearly-nested	one-shot-pair-neighborhood	12	6.832844246268e-11
calibration	nearly-nested-cover-370	nearly-nested	bootstrap-initial	0	1.000000000000e0
calibration	nearly-nested-cover-370	nearly-nested	bootstrap-initial	1	1.046689456158e-2
calibration	nearly-nested-cover-370	nearly-nested	bootstrap-initial	2	4.802579478684e-3
calibration	nearly-nested-cover-370	nearly-nested	bootstrap-initial	3	5.902284801957e-3
calibration	nearly-nested-cover-370	nearly-nested	bootstrap-initial	4	3.446006808390e-3
calibration	nearly-nested-cover-370	nearly-nested	bootstrap-initial	5	3.667241468724e-3
calibration	nearly-nested-cover-370	nearly-nested	bootstrap-initial	6	2.586647784059e-3
calibration	nearly-nested-cover-370	nearly-nested	bootstrap-initial	7	6.691417680466e-4
calibration	nearly-nested-cover-370	nearly-nested	bootstrap-initial	8	7.925813192131e-4
calibration	nearly-nested-cover-370	nearly-nested	bootstrap-initial	9	1.251843286683e-4
calibration	nearly-nested-cover-370	nearly-nested	bootstrap-initial	10	1.743655700585e-4
calibration	nearly-nested-cover-370	nearly-nested	bootstrap-initial	11	4.918711116660e-5
calibration	nearly-nested-cover-370	nearly-nested	bootstrap-initial	12	1.109958921828e-4
calibration	nearly-nested-cover-370	nearly-nested	bootstrap-initial	13	1.200015520402e-6
calibration	nearly-nested-cover-370	nearly-nested	bootstrap-initial	14	1.090257546224e-10
calibration	nearly-nested-cover-370	nearly-nested	bootstrap-initial	15	1.110132323937e-15
calibration	nearly-nested-cover-370	nearly-nested	bootstrap-final	0	1.000000000000e0
calibration	nearly-nested-cover-370	nearly-nested	bootstrap-final	1	9.674422704960e-3
calibration	nearly-nested-cover-370	nearly-nested	bootstrap-final	2	5.069509466911e-3
calibration	nearly-nested-cover-370	nearly-nested	bootstrap-final	3	5.807793034235e-3
calibration	nearly-nested-cover-370	nearly-nested	bootstrap-final	4	4.522037412615e-3
calibration	nearly-nested-cover-370	nearly-nested	bootstrap-final	5	2.741315978067e-3
calibration	nearly-nested-cover-370	nearly-nested	bootstrap-final	6	2.971203547367e-3
calibration	nearly-nested-cover-370	nearly-nested	bootstrap-final	7	4.724684073553e-4
calibration	nearly-nested-cover-370	nearly-nested	bootstrap-final	8	6.511078378186e-4
calibration	nearly-nested-cover-370	nearly-nested	bootstrap-final	9	1.445397166731e-4
calibration	nearly-nested-cover-370	nearly-nested	bootstrap-final	10	1.729732483685e-4
calibration	nearly-nested-cover-370	nearly-nested	bootstrap-final	11	6.333010190810e-5
calibration	nearly-nested-cover-370	nearly-nested	bootstrap-final	12	9.309712446782e-6
calibration	nearly-nested-cover-370	nearly-nested	bootstrap-final	13	6.325145970658e-8
calibration	nearly-nested-cover-370	nearly-nested	bootstrap-final	14	1.895684478471e-12
calibration	nearly-nested-cover-118	nearly-nested	oracle	0	1.000000000000e0
calibration	nearly-nested-cover-118	nearly-nested	oracle	1	8.257500517285e-3
calibration	nearly-nested-cover-118	nearly-nested	oracle	2	8.752194046616e-4
calibration	nearly-nested-cover-118	nearly-nested	oracle	3	1.968041913974e-4
calibration	nearly-nested-cover-118	nearly-nested	oracle	4	1.398912003361e-5
calibration	nearly-nested-cover-118	nearly-nested	oracle	5	4.796321229637e-7
calibration	nearly-nested-cover-118	nearly-nested	oracle	6	1.287248349594e-8
calibration	nearly-nested-cover-118	nearly-nested	oracle	7	1.015739754350e-10
calibration	nearly-nested-cover-118	nearly-nested	oracle	8	9.802161580622e-13
calibration	nearly-nested-cover-118	nearly-nested	baseline-symmetric-map	0	1.000000000000e0
calibration	nearly-nested-cover-118	nearly-nested	baseline-symmetric-map	1	2.134658283126e-2
calibration	nearly-nested-cover-118	nearly-nested	baseline-symmetric-map	2	6.122323279017e-3
calibration	nearly-nested-cover-118	nearly-nested	baseline-symmetric-map	3	7.762954826793e-3
calibration	nearly-nested-cover-118	nearly-nested	baseline-symmetric-map	4	9.180787304885e-3
calibration	nearly-nested-cover-118	nearly-nested	baseline-symmetric-map	5	4.720454799256e-3
calibration	nearly-nested-cover-118	nearly-nested	baseline-symmetric-map	6	2.958844388927e-3
calibration	nearly-nested-cover-118	nearly-nested	baseline-symmetric-map	7	2.940058013961e-3
calibration	nearly-nested-cover-118	nearly-nested	baseline-symmetric-map	8	6.298076333053e-3
calibration	nearly-nested-cover-118	nearly-nested	baseline-symmetric-map	9	1.313350935630e-3
calibration	nearly-nested-cover-118	nearly-nested	baseline-symmetric-map	10	1.084562653816e-3
calibration	nearly-nested-cover-118	nearly-nested	baseline-symmetric-map	11	1.573087185882e-3
calibration	nearly-nested-cover-118	nearly-nested	baseline-symmetric-map	12	1.399499160123e-4
calibration	nearly-nested-cover-118	nearly-nested	baseline-symmetric-map	13	1.348120891242e-5
calibration	nearly-nested-cover-118	nearly-nested	baseline-symmetric-map	14	2.116443966673e-5
calibration	nearly-nested-cover-118	nearly-nested	baseline-symmetric-map	15	1.030203257909e-5
calibration	nearly-nested-cover-118	nearly-nested	baseline-symmetric-map	16	5.839352195273e-6
calibration	nearly-nested-cover-118	nearly-nested	baseline-symmetric-map	17	2.045218991119e-6
calibration	nearly-nested-cover-118	nearly-nested	baseline-symmetric-map	18	9.123824216815e-11
calibration	nearly-nested-cover-118	nearly-nested	one-shot-pair-neighborhood	0	1.000000000000e0
calibration	nearly-nested-cover-118	nearly-nested	one-shot-pair-neighborhood	1	5.959558193995e-3
calibration	nearly-nested-cover-118	nearly-nested	one-shot-pair-neighborhood	2	2.884070876088e-3
calibration	nearly-nested-cover-118	nearly-nested	one-shot-pair-neighborhood	3	7.117454188064e-4
calibration	nearly-nested-cover-118	nearly-nested	one-shot-pair-neighborhood	4	1.000801967116e-3
calibration	nearly-nested-cover-118	nearly-nested	one-shot-pair-neighborhood	5	2.438669008869e-4
calibration	nearly-nested-cover-118	nearly-nested	one-shot-pair-neighborhood	6	6.739968796036e-5
calibration	nearly-nested-cover-118	nearly-nested	one-shot-pair-neighborhood	7	8.710743210232e-5
calibration	nearly-nested-cover-118	nearly-nested	one-shot-pair-neighborhood	8	2.601166668153e-5
calibration	nearly-nested-cover-118	nearly-nested	one-shot-pair-neighborhood	9	6.593347148637e-5
calibration	nearly-nested-cover-118	nearly-nested	one-shot-pair-neighborhood	10	1.506443094800e-6
calibration	nearly-nested-cover-118	nearly-nested	one-shot-pair-neighborhood	11	2.230624895838e-8
calibration	nearly-nested-cover-118	nearly-nested	one-shot-pair-neighborhood	12	2.444432925520e-10
calibration	nearly-nested-cover-118	nearly-nested	one-shot-pair-neighborhood	13	3.852535754102e-13
calibration	nearly-nested-cover-118	nearly-nested	bootstrap-initial	0	1.000000000000e0
calibration	nearly-nested-cover-118	nearly-nested	bootstrap-initial	1	6.508045576242e-3
calibration	nearly-nested-cover-118	nearly-nested	bootstrap-initial	2	7.477786320391e-3
calibration	nearly-nested-cover-118	nearly-nested	bootstrap-initial	3	5.628166562771e-3
calibration	nearly-nested-cover-118	nearly-nested	bootstrap-initial	4	2.352404172766e-3
calibration	nearly-nested-cover-118	nearly-nested	bootstrap-initial	5	5.985177958013e-3
calibration	nearly-nested-cover-118	nearly-nested	bootstrap-initial	6	8.057277466258e-4
calibration	nearly-nested-cover-118	nearly-nested	bootstrap-initial	7	1.046594130865e-3
calibration	nearly-nested-cover-118	nearly-nested	bootstrap-initial	8	2.066745741565e-4
calibration	nearly-nested-cover-118	nearly-nested	bootstrap-initial	9	3.608721024701e-4
calibration	nearly-nested-cover-118	nearly-nested	bootstrap-initial	10	7.158588825974e-5
calibration	nearly-nested-cover-118	nearly-nested	bootstrap-initial	11	8.609285670743e-5
calibration	nearly-nested-cover-118	nearly-nested	bootstrap-initial	12	2.279881528750e-6
calibration	nearly-nested-cover-118	nearly-nested	bootstrap-initial	13	3.330911107576e-9
calibration	nearly-nested-cover-118	nearly-nested	bootstrap-initial	14	3.339509259543e-12
calibration	nearly-nested-cover-118	nearly-nested	bootstrap-final	0	1.000000000000e0
calibration	nearly-nested-cover-118	nearly-nested	bootstrap-final	1	6.308920329190e-3
calibration	nearly-nested-cover-118	nearly-nested	bootstrap-final	2	7.949982595462e-3
calibration	nearly-nested-cover-118	nearly-nested	bootstrap-final	3	6.137390671551e-3
calibration	nearly-nested-cover-118	nearly-nested	bootstrap-final	4	1.715983814156e-3
calibration	nearly-nested-cover-118	nearly-nested	bootstrap-final	5	4.830284740905e-3
calibration	nearly-nested-cover-118	nearly-nested	bootstrap-final	6	6.200794457068e-4
calibration	nearly-nested-cover-118	nearly-nested	bootstrap-final	7	3.129034537937e-4
calibration	nearly-nested-cover-118	nearly-nested	bootstrap-final	8	7.990035163979e-5
calibration	nearly-nested-cover-118	nearly-nested	bootstrap-final	9	1.050025366272e-4
calibration	nearly-nested-cover-118	nearly-nested	bootstrap-final	10	1.139728755789e-5
calibration	nearly-nested-cover-118	nearly-nested	bootstrap-final	11	3.730545894309e-6
calibration	nearly-nested-cover-118	nearly-nested	bootstrap-final	12	1.706087050725e-6
calibration	nearly-nested-cover-118	nearly-nested	bootstrap-final	13	2.365947818778e-9
calibration	nearly-nested-cover-118	nearly-nested	bootstrap-final	14	4.427601168384e-12
calibration	nearly-nested-cover-211	nearly-nested	oracle	0	1.000000000000e0
calibration	nearly-nested-cover-211	nearly-nested	oracle	1	1.057885706978e-2
calibration	nearly-nested-cover-211	nearly-nested	oracle	2	1.270984449951e-3
calibration	nearly-nested-cover-211	nearly-nested	oracle	3	3.745329932983e-4
calibration	nearly-nested-cover-211	nearly-nested	oracle	4	3.486355156946e-5
calibration	nearly-nested-cover-211	nearly-nested	oracle	5	8.425692744750e-7
calibration	nearly-nested-cover-211	nearly-nested	oracle	6	2.370384615563e-8
calibration	nearly-nested-cover-211	nearly-nested	oracle	7	1.544467909007e-9
calibration	nearly-nested-cover-211	nearly-nested	oracle	8	5.453597675742e-11
calibration	nearly-nested-cover-211	nearly-nested	baseline-symmetric-map	0	1.000000000000e0
calibration	nearly-nested-cover-211	nearly-nested	baseline-symmetric-map	1	2.569021803842e-2
calibration	nearly-nested-cover-211	nearly-nested	baseline-symmetric-map	2	9.135089544309e-3
calibration	nearly-nested-cover-211	nearly-nested	baseline-symmetric-map	3	5.041549847808e-3
calibration	nearly-nested-cover-211	nearly-nested	baseline-symmetric-map	4	9.360343175151e-3
calibration	nearly-nested-cover-211	nearly-nested	baseline-symmetric-map	5	6.307037608150e-3
calibration	nearly-nested-cover-211	nearly-nested	baseline-symmetric-map	6	4.367358065928e-3
calibration	nearly-nested-cover-211	nearly-nested	baseline-symmetric-map	7	2.524991997609e-3
calibration	nearly-nested-cover-211	nearly-nested	baseline-symmetric-map	8	5.425741031920e-3
calibration	nearly-nested-cover-211	nearly-nested	baseline-symmetric-map	9	2.816016276143e-3
calibration	nearly-nested-cover-211	nearly-nested	baseline-symmetric-map	10	7.766360430735e-4
calibration	nearly-nested-cover-211	nearly-nested	baseline-symmetric-map	11	1.466430009616e-3
calibration	nearly-nested-cover-211	nearly-nested	baseline-symmetric-map	12	5.235005025678e-4
calibration	nearly-nested-cover-211	nearly-nested	baseline-symmetric-map	13	1.168008275495e-4
calibration	nearly-nested-cover-211	nearly-nested	baseline-symmetric-map	14	2.195075725641e-5
calibration	nearly-nested-cover-211	nearly-nested	baseline-symmetric-map	15	2.101990312280e-5
calibration	nearly-nested-cover-211	nearly-nested	baseline-symmetric-map	16	8.960521493157e-6
calibration	nearly-nested-cover-211	nearly-nested	baseline-symmetric-map	17	1.500468633474e-5
calibration	nearly-nested-cover-211	nearly-nested	baseline-symmetric-map	18	2.819377342625e-8
calibration	nearly-nested-cover-211	nearly-nested	baseline-symmetric-map	19	4.306421292149e-13
calibration	nearly-nested-cover-211	nearly-nested	one-shot-pair-neighborhood	0	1.000000000000e0
calibration	nearly-nested-cover-211	nearly-nested	one-shot-pair-neighborhood	1	7.693609007216e-3
calibration	nearly-nested-cover-211	nearly-nested	one-shot-pair-neighborhood	2	2.925943808845e-3
calibration	nearly-nested-cover-211	nearly-nested	one-shot-pair-neighborhood	3	5.002908983260e-3
calibration	nearly-nested-cover-211	nearly-nested	one-shot-pair-neighborhood	4	2.142898346258e-3
calibration	nearly-nested-cover-211	nearly-nested	one-shot-pair-neighborhood	5	2.686667735651e-3
calibration	nearly-nested-cover-211	nearly-nested	one-shot-pair-neighborhood	6	1.019883649641e-3
calibration	nearly-nested-cover-211	nearly-nested	one-shot-pair-neighborhood	7	3.624105347973e-4
calibration	nearly-nested-cover-211	nearly-nested	one-shot-pair-neighborhood	8	9.322550043319e-4
calibration	nearly-nested-cover-211	nearly-nested	one-shot-pair-neighborhood	9	2.154282098980e-5
calibration	nearly-nested-cover-211	nearly-nested	one-shot-pair-neighborhood	10	1.989864817481e-7
calibration	nearly-nested-cover-211	nearly-nested	one-shot-pair-neighborhood	11	9.080296742662e-10
calibration	nearly-nested-cover-211	nearly-nested	one-shot-pair-neighborhood	12	6.067758274640e-12
calibration	nearly-nested-cover-211	nearly-nested	bootstrap-initial	0	1.000000000000e0
calibration	nearly-nested-cover-211	nearly-nested	bootstrap-initial	1	9.553085622690e-3
calibration	nearly-nested-cover-211	nearly-nested	bootstrap-initial	2	4.808982057051e-3
calibration	nearly-nested-cover-211	nearly-nested	bootstrap-initial	3	5.765481720184e-3
calibration	nearly-nested-cover-211	nearly-nested	bootstrap-initial	4	2.212403810768e-3
calibration	nearly-nested-cover-211	nearly-nested	bootstrap-initial	5	4.059133629614e-3
calibration	nearly-nested-cover-211	nearly-nested	bootstrap-initial	6	1.618423944473e-3
calibration	nearly-nested-cover-211	nearly-nested	bootstrap-initial	7	9.242625243972e-4
calibration	nearly-nested-cover-211	nearly-nested	bootstrap-initial	8	2.324085055715e-4
calibration	nearly-nested-cover-211	nearly-nested	bootstrap-initial	9	1.669799965222e-4
calibration	nearly-nested-cover-211	nearly-nested	bootstrap-initial	10	1.414642654582e-4
calibration	nearly-nested-cover-211	nearly-nested	bootstrap-initial	11	4.783850239100e-6
calibration	nearly-nested-cover-211	nearly-nested	bootstrap-initial	12	6.207115011329e-6
calibration	nearly-nested-cover-211	nearly-nested	bootstrap-initial	13	1.457111479837e-7
calibration	nearly-nested-cover-211	nearly-nested	bootstrap-initial	14	2.177303410351e-10
calibration	nearly-nested-cover-211	nearly-nested	bootstrap-initial	15	5.026511131796e-15
calibration	nearly-nested-cover-211	nearly-nested	bootstrap-final	0	1.000000000000e0
calibration	nearly-nested-cover-211	nearly-nested	bootstrap-final	1	7.693609007216e-3
calibration	nearly-nested-cover-211	nearly-nested	bootstrap-final	2	2.925943808845e-3
calibration	nearly-nested-cover-211	nearly-nested	bootstrap-final	3	5.002908983260e-3
calibration	nearly-nested-cover-211	nearly-nested	bootstrap-final	4	2.142898346258e-3
calibration	nearly-nested-cover-211	nearly-nested	bootstrap-final	5	2.686667735651e-3
calibration	nearly-nested-cover-211	nearly-nested	bootstrap-final	6	1.019883649641e-3
calibration	nearly-nested-cover-211	nearly-nested	bootstrap-final	7	3.624105347973e-4
calibration	nearly-nested-cover-211	nearly-nested	bootstrap-final	8	9.322550043319e-4
calibration	nearly-nested-cover-211	nearly-nested	bootstrap-final	9	2.154282098980e-5
calibration	nearly-nested-cover-211	nearly-nested	bootstrap-final	10	1.989864817481e-7
calibration	nearly-nested-cover-211	nearly-nested	bootstrap-final	11	9.080296742662e-10
calibration	nearly-nested-cover-211	nearly-nested	bootstrap-final	12	6.067758274640e-12
holdout	dominant-pair-weak-third-cover-512	dominant-pair-weak-third	oracle	0	1.000000000000e0
holdout	dominant-pair-weak-third-cover-512	dominant-pair-weak-third	oracle	1	1.197341779300e-2
holdout	dominant-pair-weak-third-cover-512	dominant-pair-weak-third	oracle	2	1.148392089954e-3
holdout	dominant-pair-weak-third-cover-512	dominant-pair-weak-third	oracle	3	9.188372191982e-5
holdout	dominant-pair-weak-third-cover-512	dominant-pair-weak-third	oracle	4	4.760454096177e-6
holdout	dominant-pair-weak-third-cover-512	dominant-pair-weak-third	oracle	5	4.298334926125e-7
holdout	dominant-pair-weak-third-cover-512	dominant-pair-weak-third	oracle	6	2.424302642874e-8
holdout	dominant-pair-weak-third-cover-512	dominant-pair-weak-third	oracle	7	3.111279276870e-9
holdout	dominant-pair-weak-third-cover-512	dominant-pair-weak-third	oracle	8	3.521784934565e-11
holdout	dominant-pair-weak-third-cover-512	dominant-pair-weak-third	baseline-symmetric-map	0	1.000000000000e0
holdout	dominant-pair-weak-third-cover-512	dominant-pair-weak-third	baseline-symmetric-map	1	3.005849571372e-2
holdout	dominant-pair-weak-third-cover-512	dominant-pair-weak-third	baseline-symmetric-map	2	7.623884794273e-3
holdout	dominant-pair-weak-third-cover-512	dominant-pair-weak-third	baseline-symmetric-map	3	3.558047285067e-3
holdout	dominant-pair-weak-third-cover-512	dominant-pair-weak-third	baseline-symmetric-map	4	3.918094418122e-3
holdout	dominant-pair-weak-third-cover-512	dominant-pair-weak-third	baseline-symmetric-map	5	4.917432227451e-3
holdout	dominant-pair-weak-third-cover-512	dominant-pair-weak-third	baseline-symmetric-map	6	3.319001842283e-4
holdout	dominant-pair-weak-third-cover-512	dominant-pair-weak-third	baseline-symmetric-map	7	1.001283871586e-4
holdout	dominant-pair-weak-third-cover-512	dominant-pair-weak-third	baseline-symmetric-map	8	2.573769600659e-5
holdout	dominant-pair-weak-third-cover-512	dominant-pair-weak-third	baseline-symmetric-map	9	3.736837255202e-6
holdout	dominant-pair-weak-third-cover-512	dominant-pair-weak-third	baseline-symmetric-map	10	4.237785712516e-7
holdout	dominant-pair-weak-third-cover-512	dominant-pair-weak-third	baseline-symmetric-map	11	4.784960703090e-8
holdout	dominant-pair-weak-third-cover-512	dominant-pair-weak-third	baseline-symmetric-map	12	6.494306951610e-9
holdout	dominant-pair-weak-third-cover-512	dominant-pair-weak-third	baseline-symmetric-map	13	4.971303526646e-11
holdout	dominant-pair-weak-third-cover-512	dominant-pair-weak-third	one-shot-pair-neighborhood	0	1.000000000000e0
holdout	dominant-pair-weak-third-cover-512	dominant-pair-weak-third	one-shot-pair-neighborhood	1	7.220459415904e-3
holdout	dominant-pair-weak-third-cover-512	dominant-pair-weak-third	one-shot-pair-neighborhood	2	3.654833477443e-4
holdout	dominant-pair-weak-third-cover-512	dominant-pair-weak-third	one-shot-pair-neighborhood	3	2.498795429978e-5
holdout	dominant-pair-weak-third-cover-512	dominant-pair-weak-third	one-shot-pair-neighborhood	4	1.052733360585e-6
holdout	dominant-pair-weak-third-cover-512	dominant-pair-weak-third	one-shot-pair-neighborhood	5	1.060741471925e-7
holdout	dominant-pair-weak-third-cover-512	dominant-pair-weak-third	one-shot-pair-neighborhood	6	1.828061680512e-9
holdout	dominant-pair-weak-third-cover-512	dominant-pair-weak-third	one-shot-pair-neighborhood	7	2.144115817645e-10
holdout	dominant-pair-weak-third-cover-512	dominant-pair-weak-third	one-shot-pair-neighborhood	8	1.793457982996e-12
holdout	dominant-pair-weak-third-cover-512	dominant-pair-weak-third	bootstrap-initial	0	1.000000000000e0
holdout	dominant-pair-weak-third-cover-512	dominant-pair-weak-third	bootstrap-initial	1	6.533340106343e-3
holdout	dominant-pair-weak-third-cover-512	dominant-pair-weak-third	bootstrap-initial	2	3.153953843715e-3
holdout	dominant-pair-weak-third-cover-512	dominant-pair-weak-third	bootstrap-initial	3	3.558388294886e-3
holdout	dominant-pair-weak-third-cover-512	dominant-pair-weak-third	bootstrap-initial	4	3.386495517184e-4
holdout	dominant-pair-weak-third-cover-512	dominant-pair-weak-third	bootstrap-initial	5	1.539007152468e-5
holdout	dominant-pair-weak-third-cover-512	dominant-pair-weak-third	bootstrap-initial	6	1.975389385126e-6
holdout	dominant-pair-weak-third-cover-512	dominant-pair-weak-third	bootstrap-initial	7	1.070639705357e-7
holdout	dominant-pair-weak-third-cover-512	dominant-pair-weak-third	bootstrap-initial	8	5.711493507291e-10
holdout	dominant-pair-weak-third-cover-512	dominant-pair-weak-third	bootstrap-initial	9	1.725915180268e-12
holdout	dominant-pair-weak-third-cover-512	dominant-pair-weak-third	bootstrap-final	0	1.000000000000e0
holdout	dominant-pair-weak-third-cover-512	dominant-pair-weak-third	bootstrap-final	1	6.533340106343e-3
holdout	dominant-pair-weak-third-cover-512	dominant-pair-weak-third	bootstrap-final	2	3.153953843715e-3
holdout	dominant-pair-weak-third-cover-512	dominant-pair-weak-third	bootstrap-final	3	3.558388294886e-3
holdout	dominant-pair-weak-third-cover-512	dominant-pair-weak-third	bootstrap-final	4	3.386495517184e-4
holdout	dominant-pair-weak-third-cover-512	dominant-pair-weak-third	bootstrap-final	5	1.539007152468e-5
holdout	dominant-pair-weak-third-cover-512	dominant-pair-weak-third	bootstrap-final	6	1.975389385126e-6
holdout	dominant-pair-weak-third-cover-512	dominant-pair-weak-third	bootstrap-final	7	1.070639705357e-7
holdout	dominant-pair-weak-third-cover-512	dominant-pair-weak-third	bootstrap-final	8	5.711493507291e-10
holdout	dominant-pair-weak-third-cover-512	dominant-pair-weak-third	bootstrap-final	9	1.725915180268e-12
holdout	dominant-pair-weak-third-cover-513	dominant-pair-weak-third	oracle	0	1.000000000000e0
holdout	dominant-pair-weak-third-cover-513	dominant-pair-weak-third	oracle	1	1.979447050407e-2
holdout	dominant-pair-weak-third-cover-513	dominant-pair-weak-third	oracle	2	8.665738291878e-4
holdout	dominant-pair-weak-third-cover-513	dominant-pair-weak-third	oracle	3	2.263359589615e-4
holdout	dominant-pair-weak-third-cover-513	dominant-pair-weak-third	oracle	4	2.790881279791e-5
holdout	dominant-pair-weak-third-cover-513	dominant-pair-weak-third	oracle	5	1.836902859545e-6
holdout	dominant-pair-weak-third-cover-513	dominant-pair-weak-third	oracle	6	2.390210374234e-8
holdout	dominant-pair-weak-third-cover-513	dominant-pair-weak-third	oracle	7	9.476536998115e-10
holdout	dominant-pair-weak-third-cover-513	dominant-pair-weak-third	oracle	8	4.253994535318e-11
holdout	dominant-pair-weak-third-cover-513	dominant-pair-weak-third	baseline-symmetric-map	0	1.000000000000e0
holdout	dominant-pair-weak-third-cover-513	dominant-pair-weak-third	baseline-symmetric-map	1	3.875013506288e-2
holdout	dominant-pair-weak-third-cover-513	dominant-pair-weak-third	baseline-symmetric-map	2	1.043795782304e-2
holdout	dominant-pair-weak-third-cover-513	dominant-pair-weak-third	baseline-symmetric-map	3	3.292929834220e-3
holdout	dominant-pair-weak-third-cover-513	dominant-pair-weak-third	baseline-symmetric-map	4	6.469530657232e-3
holdout	dominant-pair-weak-third-cover-513	dominant-pair-weak-third	baseline-symmetric-map	5	3.465447951900e-3
holdout	dominant-pair-weak-third-cover-513	dominant-pair-weak-third	baseline-symmetric-map	6	1.394227059937e-3
holdout	dominant-pair-weak-third-cover-513	dominant-pair-weak-third	baseline-symmetric-map	7	4.012149497523e-4
holdout	dominant-pair-weak-third-cover-513	dominant-pair-weak-third	baseline-symmetric-map	8	1.078140304055e-4
holdout	dominant-pair-weak-third-cover-513	dominant-pair-weak-third	baseline-symmetric-map	9	2.521166231574e-6
holdout	dominant-pair-weak-third-cover-513	dominant-pair-weak-third	baseline-symmetric-map	10	1.748808442174e-7
holdout	dominant-pair-weak-third-cover-513	dominant-pair-weak-third	baseline-symmetric-map	11	3.520291685577e-8
holdout	dominant-pair-weak-third-cover-513	dominant-pair-weak-third	baseline-symmetric-map	12	1.449652613168e-9
holdout	dominant-pair-weak-third-cover-513	dominant-pair-weak-third	baseline-symmetric-map	13	5.721572029009e-11
holdout	dominant-pair-weak-third-cover-513	dominant-pair-weak-third	one-shot-pair-neighborhood	0	1.000000000000e0
holdout	dominant-pair-weak-third-cover-513	dominant-pair-weak-third	one-shot-pair-neighborhood	1	9.732560628441e-3
holdout	dominant-pair-weak-third-cover-513	dominant-pair-weak-third	one-shot-pair-neighborhood	2	3.217981725849e-3
holdout	dominant-pair-weak-third-cover-513	dominant-pair-weak-third	one-shot-pair-neighborhood	3	2.551303403952e-3
holdout	dominant-pair-weak-third-cover-513	dominant-pair-weak-third	one-shot-pair-neighborhood	4	2.400006881315e-4
holdout	dominant-pair-weak-third-cover-513	dominant-pair-weak-third	one-shot-pair-neighborhood	5	1.494057968639e-5
holdout	dominant-pair-weak-third-cover-513	dominant-pair-weak-third	one-shot-pair-neighborhood	6	6.743202277481e-7
holdout	dominant-pair-weak-third-cover-513	dominant-pair-weak-third	one-shot-pair-neighborhood	7	2.747863287496e-8
holdout	dominant-pair-weak-third-cover-513	dominant-pair-weak-third	one-shot-pair-neighborhood	8	1.721687763996e-10
holdout	dominant-pair-weak-third-cover-513	dominant-pair-weak-third	one-shot-pair-neighborhood	9	3.537910461377e-13
holdout	dominant-pair-weak-third-cover-513	dominant-pair-weak-third	bootstrap-initial	0	1.000000000000e0
holdout	dominant-pair-weak-third-cover-513	dominant-pair-weak-third	bootstrap-initial	1	1.032556077372e-2
holdout	dominant-pair-weak-third-cover-513	dominant-pair-weak-third	bootstrap-initial	2	2.767523561898e-3
holdout	dominant-pair-weak-third-cover-513	dominant-pair-weak-third	bootstrap-initial	3	3.237643728975e-3
holdout	dominant-pair-weak-third-cover-513	dominant-pair-weak-third	bootstrap-initial	4	4.448970114031e-4
holdout	dominant-pair-weak-third-cover-513	dominant-pair-weak-third	bootstrap-initial	5	6.913671673826e-5
holdout	dominant-pair-weak-third-cover-513	dominant-pair-weak-third	bootstrap-initial	6	2.019986317217e-6
holdout	dominant-pair-weak-third-cover-513	dominant-pair-weak-third	bootstrap-initial	7	4.225770237221e-8
holdout	dominant-pair-weak-third-cover-513	dominant-pair-weak-third	bootstrap-initial	8	2.438575795011e-9
holdout	dominant-pair-weak-third-cover-513	dominant-pair-weak-third	bootstrap-initial	9	6.340558203970e-12
holdout	dominant-pair-weak-third-cover-513	dominant-pair-weak-third	bootstrap-final	0	1.000000000000e0
holdout	dominant-pair-weak-third-cover-513	dominant-pair-weak-third	bootstrap-final	1	1.032556077372e-2
holdout	dominant-pair-weak-third-cover-513	dominant-pair-weak-third	bootstrap-final	2	2.767523561898e-3
holdout	dominant-pair-weak-third-cover-513	dominant-pair-weak-third	bootstrap-final	3	3.237643728975e-3
holdout	dominant-pair-weak-third-cover-513	dominant-pair-weak-third	bootstrap-final	4	4.448970114031e-4
holdout	dominant-pair-weak-third-cover-513	dominant-pair-weak-third	bootstrap-final	5	6.913671673826e-5
holdout	dominant-pair-weak-third-cover-513	dominant-pair-weak-third	bootstrap-final	6	2.019986317217e-6
holdout	dominant-pair-weak-third-cover-513	dominant-pair-weak-third	bootstrap-final	7	4.225770237221e-8
holdout	dominant-pair-weak-third-cover-513	dominant-pair-weak-third	bootstrap-final	8	2.438575795011e-9
holdout	dominant-pair-weak-third-cover-513	dominant-pair-weak-third	bootstrap-final	9	6.340558203970e-12
holdout	nearly-nested-cover-514	nearly-nested	oracle	0	1.000000000000e0
holdout	nearly-nested-cover-514	nearly-nested	oracle	1	9.549305325914e-3
holdout	nearly-nested-cover-514	nearly-nested	oracle	2	3.035741880041e-3
holdout	nearly-nested-cover-514	nearly-nested	oracle	3	4.228949272353e-4
holdout	nearly-nested-cover-514	nearly-nested	oracle	4	5.270114942849e-5
holdout	nearly-nested-cover-514	nearly-nested	oracle	5	3.935042484811e-6
holdout	nearly-nested-cover-514	nearly-nested	oracle	6	5.563067317552e-7
holdout	nearly-nested-cover-514	nearly-nested	oracle	7	1.207109825041e-8
holdout	nearly-nested-cover-514	nearly-nested	oracle	8	3.683434663322e-11
holdout	nearly-nested-cover-514	nearly-nested	baseline-symmetric-map	0	1.000000000000e0
holdout	nearly-nested-cover-514	nearly-nested	baseline-symmetric-map	1	3.149796802135e-2
holdout	nearly-nested-cover-514	nearly-nested	baseline-symmetric-map	2	8.951193978686e-3
holdout	nearly-nested-cover-514	nearly-nested	baseline-symmetric-map	3	6.647255424151e-3
holdout	nearly-nested-cover-514	nearly-nested	baseline-symmetric-map	4	7.192057072330e-3
holdout	nearly-nested-cover-514	nearly-nested	baseline-symmetric-map	5	6.424048407284e-3
holdout	nearly-nested-cover-514	nearly-nested	baseline-symmetric-map	6	4.952631364646e-3
holdout	nearly-nested-cover-514	nearly-nested	baseline-symmetric-map	7	2.429667880762e-3
holdout	nearly-nested-cover-514	nearly-nested	baseline-symmetric-map	8	3.377777624769e-3
holdout	nearly-nested-cover-514	nearly-nested	baseline-symmetric-map	9	4.429106117865e-3
holdout	nearly-nested-cover-514	nearly-nested	baseline-symmetric-map	10	9.797830540361e-4
holdout	nearly-nested-cover-514	nearly-nested	baseline-symmetric-map	11	9.892033533633e-4
holdout	nearly-nested-cover-514	nearly-nested	baseline-symmetric-map	12	1.574809347254e-3
holdout	nearly-nested-cover-514	nearly-nested	baseline-symmetric-map	13	1.859735704972e-4
holdout	nearly-nested-cover-514	nearly-nested	baseline-symmetric-map	14	1.615989874864e-5
holdout	nearly-nested-cover-514	nearly-nested	baseline-symmetric-map	15	4.749671929761e-5
holdout	nearly-nested-cover-514	nearly-nested	baseline-symmetric-map	16	9.048311023500e-6
holdout	nearly-nested-cover-514	nearly-nested	baseline-symmetric-map	17	2.974374456242e-5
holdout	nearly-nested-cover-514	nearly-nested	baseline-symmetric-map	18	3.214683544069e-8
holdout	nearly-nested-cover-514	nearly-nested	baseline-symmetric-map	19	7.822707104465e-13
holdout	nearly-nested-cover-514	nearly-nested	one-shot-pair-neighborhood	0	1.000000000000e0
holdout	nearly-nested-cover-514	nearly-nested	one-shot-pair-neighborhood	1	6.972869846752e-3
holdout	nearly-nested-cover-514	nearly-nested	one-shot-pair-neighborhood	2	6.384466871897e-3
holdout	nearly-nested-cover-514	nearly-nested	one-shot-pair-neighborhood	3	7.615508479652e-3
holdout	nearly-nested-cover-514	nearly-nested	one-shot-pair-neighborhood	4	1.092656168532e-3
holdout	nearly-nested-cover-514	nearly-nested	one-shot-pair-neighborhood	5	1.315795027013e-3
holdout	nearly-nested-cover-514	nearly-nested	one-shot-pair-neighborhood	6	4.359981689900e-4
holdout	nearly-nested-cover-514	nearly-nested	one-shot-pair-neighborhood	7	4.906588692183e-5
holdout	nearly-nested-cover-514	nearly-nested	one-shot-pair-neighborhood	8	2.018367901084e-5
holdout	nearly-nested-cover-514	nearly-nested	one-shot-pair-neighborhood	9	6.650220157139e-6
holdout	nearly-nested-cover-514	nearly-nested	one-shot-pair-neighborhood	10	7.780834396517e-8
holdout	nearly-nested-cover-514	nearly-nested	one-shot-pair-neighborhood	11	1.672356521853e-9
holdout	nearly-nested-cover-514	nearly-nested	one-shot-pair-neighborhood	12	8.624945278719e-13
holdout	nearly-nested-cover-514	nearly-nested	bootstrap-initial	0	1.000000000000e0
holdout	nearly-nested-cover-514	nearly-nested	bootstrap-initial	1	6.939830361379e-3
holdout	nearly-nested-cover-514	nearly-nested	bootstrap-initial	2	6.597571514967e-3
holdout	nearly-nested-cover-514	nearly-nested	bootstrap-initial	3	8.448665689104e-3
holdout	nearly-nested-cover-514	nearly-nested	bootstrap-initial	4	2.702932172264e-3
holdout	nearly-nested-cover-514	nearly-nested	bootstrap-initial	5	2.531617092187e-3
holdout	nearly-nested-cover-514	nearly-nested	bootstrap-initial	6	1.235926849681e-3
holdout	nearly-nested-cover-514	nearly-nested	bootstrap-initial	7	1.829701107312e-3
holdout	nearly-nested-cover-514	nearly-nested	bootstrap-initial	8	2.417857851563e-4
holdout	nearly-nested-cover-514	nearly-nested	bootstrap-initial	9	2.516979810344e-4
holdout	nearly-nested-cover-514	nearly-nested	bootstrap-initial	10	8.000392617022e-5
holdout	nearly-nested-cover-514	nearly-nested	bootstrap-initial	11	1.061088285518e-5
holdout	nearly-nested-cover-514	nearly-nested	bootstrap-initial	12	1.629936401007e-5
holdout	nearly-nested-cover-514	nearly-nested	bootstrap-initial	13	9.785923161455e-9
holdout	nearly-nested-cover-514	nearly-nested	bootstrap-initial	14	5.984342753598e-12
holdout	nearly-nested-cover-514	nearly-nested	bootstrap-final	0	1.000000000000e0
holdout	nearly-nested-cover-514	nearly-nested	bootstrap-final	1	6.630702725722e-3
holdout	nearly-nested-cover-514	nearly-nested	bootstrap-final	2	6.264733543388e-3
holdout	nearly-nested-cover-514	nearly-nested	bootstrap-final	3	6.861352311553e-3
holdout	nearly-nested-cover-514	nearly-nested	bootstrap-final	4	2.438968198468e-3
holdout	nearly-nested-cover-514	nearly-nested	bootstrap-final	5	3.068788211657e-3
holdout	nearly-nested-cover-514	nearly-nested	bootstrap-final	6	1.329509816613e-3
holdout	nearly-nested-cover-514	nearly-nested	bootstrap-final	7	1.404208218117e-3
holdout	nearly-nested-cover-514	nearly-nested	bootstrap-final	8	1.713320970884e-4
holdout	nearly-nested-cover-514	nearly-nested	bootstrap-final	9	2.548698035192e-4
holdout	nearly-nested-cover-514	nearly-nested	bootstrap-final	10	2.127472123366e-5
holdout	nearly-nested-cover-514	nearly-nested	bootstrap-final	11	6.947343611241e-6
holdout	nearly-nested-cover-514	nearly-nested	bootstrap-final	12	9.820937717747e-6
holdout	nearly-nested-cover-514	nearly-nested	bootstrap-final	13	1.747745896799e-8
holdout	nearly-nested-cover-514	nearly-nested	bootstrap-final	14	4.914705793016e-12
holdout	nearly-nested-cover-515	nearly-nested	oracle	0	1.000000000000e0
holdout	nearly-nested-cover-515	nearly-nested	oracle	1	1.942380495070e-2
holdout	nearly-nested-cover-515	nearly-nested	oracle	2	2.399484579699e-3
holdout	nearly-nested-cover-515	nearly-nested	oracle	3	4.532966585641e-4
holdout	nearly-nested-cover-515	nearly-nested	oracle	4	4.004580639435e-5
holdout	nearly-nested-cover-515	nearly-nested	oracle	5	1.315393115484e-6
holdout	nearly-nested-cover-515	nearly-nested	oracle	6	6.909962173912e-8
holdout	nearly-nested-cover-515	nearly-nested	oracle	7	4.017714787834e-9
holdout	nearly-nested-cover-515	nearly-nested	oracle	8	7.294597981897e-11
holdout	nearly-nested-cover-515	nearly-nested	baseline-symmetric-map	0	1.000000000000e0
holdout	nearly-nested-cover-515	nearly-nested	baseline-symmetric-map	1	3.772810862308e-2
holdout	nearly-nested-cover-515	nearly-nested	baseline-symmetric-map	2	1.135564341781e-2
holdout	nearly-nested-cover-515	nearly-nested	baseline-symmetric-map	3	5.280363840738e-3
holdout	nearly-nested-cover-515	nearly-nested	baseline-symmetric-map	4	6.932963598750e-3
holdout	nearly-nested-cover-515	nearly-nested	baseline-symmetric-map	5	7.463359711772e-3
holdout	nearly-nested-cover-515	nearly-nested	baseline-symmetric-map	6	4.007053571421e-3
holdout	nearly-nested-cover-515	nearly-nested	baseline-symmetric-map	7	2.131415776343e-3
holdout	nearly-nested-cover-515	nearly-nested	baseline-symmetric-map	8	5.983403657040e-3
holdout	nearly-nested-cover-515	nearly-nested	baseline-symmetric-map	9	3.194072393360e-3
holdout	nearly-nested-cover-515	nearly-nested	baseline-symmetric-map	10	8.173663023834e-4
holdout	nearly-nested-cover-515	nearly-nested	baseline-symmetric-map	11	1.346066057120e-3
holdout	nearly-nested-cover-515	nearly-nested	baseline-symmetric-map	12	1.000113820316e-3
holdout	nearly-nested-cover-515	nearly-nested	baseline-symmetric-map	13	9.901672667233e-5
holdout	nearly-nested-cover-515	nearly-nested	baseline-symmetric-map	14	1.781685951909e-5
holdout	nearly-nested-cover-515	nearly-nested	baseline-symmetric-map	15	1.109009519954e-5
holdout	nearly-nested-cover-515	nearly-nested	baseline-symmetric-map	16	5.075719542585e-6
holdout	nearly-nested-cover-515	nearly-nested	baseline-symmetric-map	17	1.964670309889e-5
holdout	nearly-nested-cover-515	nearly-nested	baseline-symmetric-map	18	4.349122389142e-9
holdout	nearly-nested-cover-515	nearly-nested	baseline-symmetric-map	19	2.552174326140e-13
holdout	nearly-nested-cover-515	nearly-nested	one-shot-pair-neighborhood	0	1.000000000000e0
holdout	nearly-nested-cover-515	nearly-nested	one-shot-pair-neighborhood	1	1.223946715244e-2
holdout	nearly-nested-cover-515	nearly-nested	one-shot-pair-neighborhood	2	4.797699915958e-3
holdout	nearly-nested-cover-515	nearly-nested	one-shot-pair-neighborhood	3	7.583756205723e-3
holdout	nearly-nested-cover-515	nearly-nested	one-shot-pair-neighborhood	4	2.274509203078e-3
holdout	nearly-nested-cover-515	nearly-nested	one-shot-pair-neighborhood	5	4.494791477713e-3
holdout	nearly-nested-cover-515	nearly-nested	one-shot-pair-neighborhood	6	1.425858824574e-3
holdout	nearly-nested-cover-515	nearly-nested	one-shot-pair-neighborhood	7	1.669160637130e-3
holdout	nearly-nested-cover-515	nearly-nested	one-shot-pair-neighborhood	8	1.705203461899e-4
holdout	nearly-nested-cover-515	nearly-nested	one-shot-pair-neighborhood	9	1.819780313503e-4
holdout	nearly-nested-cover-515	nearly-nested	one-shot-pair-neighborhood	10	1.154168032995e-4
holdout	nearly-nested-cover-515	nearly-nested	one-shot-pair-neighborhood	11	1.354022117149e-5
holdout	nearly-nested-cover-515	nearly-nested	one-shot-pair-neighborhood	12	1.193507605645e-5
holdout	nearly-nested-cover-515	nearly-nested	one-shot-pair-neighborhood	13	1.571439268263e-7
holdout	nearly-nested-cover-515	nearly-nested	one-shot-pair-neighborhood	14	8.569476406672e-11
holdout	nearly-nested-cover-515	nearly-nested	bootstrap-initial	0	1.000000000000e0
holdout	nearly-nested-cover-515	nearly-nested	bootstrap-initial	1	1.080463733888e-2
holdout	nearly-nested-cover-515	nearly-nested	bootstrap-initial	2	4.886397203405e-3
holdout	nearly-nested-cover-515	nearly-nested	bootstrap-initial	3	6.887449997353e-3
holdout	nearly-nested-cover-515	nearly-nested	bootstrap-initial	4	2.492475180347e-3
holdout	nearly-nested-cover-515	nearly-nested	bootstrap-initial	5	3.457277462401e-3
holdout	nearly-nested-cover-515	nearly-nested	bootstrap-initial	6	1.227996723953e-3
holdout	nearly-nested-cover-515	nearly-nested	bootstrap-initial	7	1.588014442254e-3
holdout	nearly-nested-cover-515	nearly-nested	bootstrap-initial	8	2.342974932775e-4
holdout	nearly-nested-cover-515	nearly-nested	bootstrap-initial	9	6.399055229290e-5
holdout	nearly-nested-cover-515	nearly-nested	bootstrap-initial	10	7.414461236695e-5
holdout	nearly-nested-cover-515	nearly-nested	bootstrap-initial	11	1.275724547658e-6
holdout	nearly-nested-cover-515	nearly-nested	bootstrap-initial	12	1.530322562940e-6
holdout	nearly-nested-cover-515	nearly-nested	bootstrap-initial	13	4.569604929146e-7
holdout	nearly-nested-cover-515	nearly-nested	bootstrap-initial	14	1.218213157502e-9
holdout	nearly-nested-cover-515	nearly-nested	bootstrap-initial	15	4.739480451410e-14
holdout	nearly-nested-cover-515	nearly-nested	bootstrap-final	0	1.000000000000e0
holdout	nearly-nested-cover-515	nearly-nested	bootstrap-final	1	1.102134045858e-2
holdout	nearly-nested-cover-515	nearly-nested	bootstrap-final	2	5.144438872514e-3
holdout	nearly-nested-cover-515	nearly-nested	bootstrap-final	3	5.327840711184e-3
holdout	nearly-nested-cover-515	nearly-nested	bootstrap-final	4	2.645376337499e-3
holdout	nearly-nested-cover-515	nearly-nested	bootstrap-final	5	4.884968215092e-3
holdout	nearly-nested-cover-515	nearly-nested	bootstrap-final	6	9.644634382759e-4
holdout	nearly-nested-cover-515	nearly-nested	bootstrap-final	7	1.124042108289e-3
holdout	nearly-nested-cover-515	nearly-nested	bootstrap-final	8	2.128209303520e-4
holdout	nearly-nested-cover-515	nearly-nested	bootstrap-final	9	2.727064303837e-5
holdout	nearly-nested-cover-515	nearly-nested	bootstrap-final	10	2.616696465229e-5
holdout	nearly-nested-cover-515	nearly-nested	bootstrap-final	11	2.556308088457e-6
holdout	nearly-nested-cover-515	nearly-nested	bootstrap-final	12	9.372762057060e-6
holdout	nearly-nested-cover-515	nearly-nested	bootstrap-final	13	1.797296105730e-7
holdout	nearly-nested-cover-515	nearly-nested	bootstrap-final	14	1.134756433942e-9
holdout	nearly-nested-cover-515	nearly-nested	bootstrap-final	15	6.495293247059e-14
holdout	weak-chain-cover-516	weak-chain	oracle	0	1.000000000000e0
holdout	weak-chain-cover-516	weak-chain	oracle	1	1.092958453013e-2
holdout	weak-chain-cover-516	weak-chain	oracle	2	3.270709996721e-3
holdout	weak-chain-cover-516	weak-chain	oracle	3	2.340896568605e-3
holdout	weak-chain-cover-516	weak-chain	oracle	4	2.120792207584e-3
holdout	weak-chain-cover-516	weak-chain	oracle	5	1.578532687043e-3
holdout	weak-chain-cover-516	weak-chain	oracle	6	1.245004506762e-3
holdout	weak-chain-cover-516	weak-chain	oracle	7	7.223559605327e-4
holdout	weak-chain-cover-516	weak-chain	oracle	8	6.273176624467e-4
holdout	weak-chain-cover-516	weak-chain	oracle	9	5.285709418955e-4
holdout	weak-chain-cover-516	weak-chain	oracle	10	1.850635624240e-4
holdout	weak-chain-cover-516	weak-chain	oracle	11	1.110654723166e-4
holdout	weak-chain-cover-516	weak-chain	oracle	12	6.486570928502e-5
holdout	weak-chain-cover-516	weak-chain	oracle	13	8.918739737535e-5
holdout	weak-chain-cover-516	weak-chain	oracle	14	3.745934361792e-5
holdout	weak-chain-cover-516	weak-chain	oracle	15	3.360441325077e-5
holdout	weak-chain-cover-516	weak-chain	oracle	16	1.025035017217e-5
holdout	weak-chain-cover-516	weak-chain	oracle	17	3.663475255933e-6
holdout	weak-chain-cover-516	weak-chain	oracle	18	2.526565782278e-11
holdout	weak-chain-cover-516	weak-chain	baseline-symmetric-map	0	1.000000000000e0
holdout	weak-chain-cover-516	weak-chain	baseline-symmetric-map	1	1.807537755828e-2
holdout	weak-chain-cover-516	weak-chain	baseline-symmetric-map	2	9.157286977365e-3
holdout	weak-chain-cover-516	weak-chain	baseline-symmetric-map	3	8.964819922202e-3
holdout	weak-chain-cover-516	weak-chain	baseline-symmetric-map	4	6.310873492454e-3
holdout	weak-chain-cover-516	weak-chain	baseline-symmetric-map	5	3.642011529058e-3
holdout	weak-chain-cover-516	weak-chain	baseline-symmetric-map	6	2.574294741438e-3
holdout	weak-chain-cover-516	weak-chain	baseline-symmetric-map	7	1.406504355868e-3
holdout	weak-chain-cover-516	weak-chain	baseline-symmetric-map	8	7.729420376523e-4
holdout	weak-chain-cover-516	weak-chain	baseline-symmetric-map	9	6.698435527635e-4
holdout	weak-chain-cover-516	weak-chain	baseline-symmetric-map	10	5.733231022136e-4
holdout	weak-chain-cover-516	weak-chain	baseline-symmetric-map	11	6.494426180408e-4
holdout	weak-chain-cover-516	weak-chain	baseline-symmetric-map	12	6.676531492084e-4
holdout	weak-chain-cover-516	weak-chain	baseline-symmetric-map	13	2.139736519423e-4
holdout	weak-chain-cover-516	weak-chain	baseline-symmetric-map	14	1.782970007864e-4
holdout	weak-chain-cover-516	weak-chain	baseline-symmetric-map	15	1.757949736291e-4
holdout	weak-chain-cover-516	weak-chain	baseline-symmetric-map	16	6.261405927771e-5
holdout	weak-chain-cover-516	weak-chain	baseline-symmetric-map	17	3.386410457007e-5
holdout	weak-chain-cover-516	weak-chain	baseline-symmetric-map	18	1.552936714564e-5
holdout	weak-chain-cover-516	weak-chain	baseline-symmetric-map	19	5.139594660399e-6
holdout	weak-chain-cover-516	weak-chain	baseline-symmetric-map	20	1.355780608721e-5
holdout	weak-chain-cover-516	weak-chain	baseline-symmetric-map	21	3.676809775690e-6
holdout	weak-chain-cover-516	weak-chain	baseline-symmetric-map	22	3.104482669837e-6
holdout	weak-chain-cover-516	weak-chain	baseline-symmetric-map	23	1.002143310811e-6
holdout	weak-chain-cover-516	weak-chain	baseline-symmetric-map	24	5.449329124265e-7
holdout	weak-chain-cover-516	weak-chain	baseline-symmetric-map	25	4.168303878310e-8
holdout	weak-chain-cover-516	weak-chain	baseline-symmetric-map	26	1.366354067896e-8
holdout	weak-chain-cover-516	weak-chain	baseline-symmetric-map	27	3.477339013333e-8
holdout	weak-chain-cover-516	weak-chain	baseline-symmetric-map	28	5.813157070730e-11
holdout	weak-chain-cover-516	weak-chain	one-shot-pair-neighborhood	0	1.000000000000e0
holdout	weak-chain-cover-516	weak-chain	one-shot-pair-neighborhood	1	1.364832022966e-2
holdout	weak-chain-cover-516	weak-chain	one-shot-pair-neighborhood	2	3.833806295074e-3
holdout	weak-chain-cover-516	weak-chain	one-shot-pair-neighborhood	3	2.408382653411e-3
holdout	weak-chain-cover-516	weak-chain	one-shot-pair-neighborhood	4	2.070831766117e-3
holdout	weak-chain-cover-516	weak-chain	one-shot-pair-neighborhood	5	7.031120288706e-4
holdout	weak-chain-cover-516	weak-chain	one-shot-pair-neighborhood	6	6.238857590778e-4
holdout	weak-chain-cover-516	weak-chain	one-shot-pair-neighborhood	7	4.761258495872e-4
holdout	weak-chain-cover-516	weak-chain	one-shot-pair-neighborhood	8	3.294709514936e-4
holdout	weak-chain-cover-516	weak-chain	one-shot-pair-neighborhood	9	8.946856521506e-5
holdout	weak-chain-cover-516	weak-chain	one-shot-pair-neighborhood	10	4.666967575129e-5
holdout	weak-chain-cover-516	weak-chain	one-shot-pair-neighborhood	11	2.125229874100e-5
holdout	weak-chain-cover-516	weak-chain	one-shot-pair-neighborhood	12	8.348444679148e-6
holdout	weak-chain-cover-516	weak-chain	one-shot-pair-neighborhood	13	1.420814582800e-6
holdout	weak-chain-cover-516	weak-chain	one-shot-pair-neighborhood	14	5.915894219616e-7
holdout	weak-chain-cover-516	weak-chain	one-shot-pair-neighborhood	15	1.738673545087e-7
holdout	weak-chain-cover-516	weak-chain	one-shot-pair-neighborhood	16	1.358257427966e-7
holdout	weak-chain-cover-516	weak-chain	one-shot-pair-neighborhood	17	4.075399228259e-10
holdout	weak-chain-cover-516	weak-chain	one-shot-pair-neighborhood	18	1.322958952968e-12
holdout	weak-chain-cover-516	weak-chain	bootstrap-initial	0	1.000000000000e0
holdout	weak-chain-cover-516	weak-chain	bootstrap-initial	1	1.100790323864e-2
holdout	weak-chain-cover-516	weak-chain	bootstrap-initial	2	9.424267924050e-3
holdout	weak-chain-cover-516	weak-chain	bootstrap-initial	3	4.084269475937e-3
holdout	weak-chain-cover-516	weak-chain	bootstrap-initial	4	4.450321481242e-3
holdout	weak-chain-cover-516	weak-chain	bootstrap-initial	5	1.958824014103e-3
holdout	weak-chain-cover-516	weak-chain	bootstrap-initial	6	8.163882941994e-4
holdout	weak-chain-cover-516	weak-chain	bootstrap-initial	7	5.401742703930e-4
holdout	weak-chain-cover-516	weak-chain	bootstrap-initial	8	4.042707590833e-4
holdout	weak-chain-cover-516	weak-chain	bootstrap-initial	9	3.169767416073e-4
holdout	weak-chain-cover-516	weak-chain	bootstrap-initial	10	2.196615743306e-4
holdout	weak-chain-cover-516	weak-chain	bootstrap-initial	11	5.149711342180e-5
holdout	weak-chain-cover-516	weak-chain	bootstrap-initial	12	2.596457645170e-5
holdout	weak-chain-cover-516	weak-chain	bootstrap-initial	13	1.712797324358e-5
holdout	weak-chain-cover-516	weak-chain	bootstrap-initial	14	1.241738189791e-5
holdout	weak-chain-cover-516	weak-chain	bootstrap-initial	15	6.967078826223e-6
holdout	weak-chain-cover-516	weak-chain	bootstrap-initial	16	4.333857363908e-6
holdout	weak-chain-cover-516	weak-chain	bootstrap-initial	17	4.759502574054e-6
holdout	weak-chain-cover-516	weak-chain	bootstrap-initial	18	2.348988613574e-6
holdout	weak-chain-cover-516	weak-chain	bootstrap-initial	19	9.995886235235e-7
holdout	weak-chain-cover-516	weak-chain	bootstrap-initial	20	8.796723532969e-7
holdout	weak-chain-cover-516	weak-chain	bootstrap-initial	21	1.612009565078e-10
holdout	weak-chain-cover-516	weak-chain	bootstrap-initial	22	4.986927298644e-12
holdout	planted-communities-cover-517	planted-communities	oracle	0	1.000000000000e0
holdout	planted-communities-cover-517	planted-communities	oracle	1	2.057169849757e-3
holdout	planted-communities-cover-517	planted-communities	oracle	2	9.120158133437e-4
holdout	planted-communities-cover-517	planted-communities	oracle	3	6.107625274987e-5
holdout	planted-communities-cover-517	planted-communities	oracle	4	4.168223162345e-5
holdout	planted-communities-cover-517	planted-communities	oracle	5	8.663855965863e-7
holdout	planted-communities-cover-517	planted-communities	oracle	6	2.616808656694e-10
holdout	planted-communities-cover-517	planted-communities	oracle	7	2.349315900227e-14
holdout	planted-communities-cover-517	planted-communities	baseline-symmetric-map	0	1.000000000000e0
holdout	planted-communities-cover-517	planted-communities	baseline-symmetric-map	1	1.730927868718e-2
holdout	planted-communities-cover-517	planted-communities	baseline-symmetric-map	2	1.739910152367e-2
holdout	planted-communities-cover-517	planted-communities	baseline-symmetric-map	3	8.626604116062e-3
holdout	planted-communities-cover-517	planted-communities	baseline-symmetric-map	4	7.681529950518e-3
holdout	planted-communities-cover-517	planted-communities	baseline-symmetric-map	5	3.939798282531e-3
holdout	planted-communities-cover-517	planted-communities	baseline-symmetric-map	6	2.420940905409e-3
holdout	planted-communities-cover-517	planted-communities	baseline-symmetric-map	7	8.529226762050e-4
holdout	planted-communities-cover-517	planted-communities	baseline-symmetric-map	8	2.489966027442e-4
holdout	planted-communities-cover-517	planted-communities	baseline-symmetric-map	9	9.106504054787e-6
holdout	planted-communities-cover-517	planted-communities	baseline-symmetric-map	10	9.807895451292e-8
holdout	planted-communities-cover-517	planted-communities	baseline-symmetric-map	11	4.036005665723e-10
holdout	planted-communities-cover-517	planted-communities	baseline-symmetric-map	12	1.332405201044e-12
holdout	planted-communities-cover-517	planted-communities	one-shot-pair-neighborhood	0	1.000000000000e0
holdout	planted-communities-cover-517	planted-communities	one-shot-pair-neighborhood	1	1.676945613368e-3
holdout	planted-communities-cover-517	planted-communities	one-shot-pair-neighborhood	2	5.618120756262e-4
holdout	planted-communities-cover-517	planted-communities	one-shot-pair-neighborhood	3	1.857731914820e-5
holdout	planted-communities-cover-517	planted-communities	one-shot-pair-neighborhood	4	4.297129835943e-7
holdout	planted-communities-cover-517	planted-communities	one-shot-pair-neighborhood	5	1.768770254395e-7
holdout	planted-communities-cover-517	planted-communities	one-shot-pair-neighborhood	6	4.255618850856e-11
holdout	planted-communities-cover-517	planted-communities	bootstrap-initial	0	1.000000000000e0
holdout	planted-communities-cover-517	planted-communities	bootstrap-initial	1	1.479008286508e-2
holdout	planted-communities-cover-517	planted-communities	bootstrap-initial	2	4.751525307738e-3
holdout	planted-communities-cover-517	planted-communities	bootstrap-initial	3	3.486681420853e-3
holdout	planted-communities-cover-517	planted-communities	bootstrap-initial	4	1.042739505605e-3
holdout	planted-communities-cover-517	planted-communities	bootstrap-initial	5	2.819095353566e-4
holdout	planted-communities-cover-517	planted-communities	bootstrap-initial	6	1.492679311410e-4
holdout	planted-communities-cover-517	planted-communities	bootstrap-initial	7	1.584275751705e-6
holdout	planted-communities-cover-517	planted-communities	bootstrap-initial	8	1.258052748456e-10
holdout	planted-communities-cover-517	planted-communities	bootstrap-initial	9	6.956786883954e-15
holdout	planted-communities-cover-517	planted-communities	bootstrap-final	0	1.000000000000e0
holdout	planted-communities-cover-517	planted-communities	bootstrap-final	1	1.479008286508e-2
holdout	planted-communities-cover-517	planted-communities	bootstrap-final	2	4.751525307738e-3
holdout	planted-communities-cover-517	planted-communities	bootstrap-final	3	3.486681420853e-3
holdout	planted-communities-cover-517	planted-communities	bootstrap-final	4	1.042739505605e-3
holdout	planted-communities-cover-517	planted-communities	bootstrap-final	5	2.819095353566e-4
holdout	planted-communities-cover-517	planted-communities	bootstrap-final	6	1.492679311410e-4
holdout	planted-communities-cover-517	planted-communities	bootstrap-final	7	1.584275751705e-6
holdout	planted-communities-cover-517	planted-communities	bootstrap-final	8	1.258052748456e-10
holdout	planted-communities-cover-517	planted-communities	bootstrap-final	9	6.956786883954e-15
holdout	hub-power-law-cover-518	hub-power-law	oracle	0	1.000000000000e0
holdout	hub-power-law-cover-518	hub-power-law	oracle	1	3.144805102736e-3
holdout	hub-power-law-cover-518	hub-power-law	oracle	2	5.300682313730e-5
holdout	hub-power-law-cover-518	hub-power-law	oracle	3	1.634812646241e-6
holdout	hub-power-law-cover-518	hub-power-law	oracle	4	8.289204269274e-9
holdout	hub-power-law-cover-518	hub-power-law	oracle	5	2.391715573045e-11
holdout	hub-power-law-cover-518	hub-power-law	baseline-symmetric-map	0	1.000000000000e0
holdout	hub-power-law-cover-518	hub-power-law	baseline-symmetric-map	1	2.887730251979e-2
holdout	hub-power-law-cover-518	hub-power-law	baseline-symmetric-map	2	4.378746645878e-3
holdout	hub-power-law-cover-518	hub-power-law	baseline-symmetric-map	3	1.595969565487e-4
holdout	hub-power-law-cover-518	hub-power-law	baseline-symmetric-map	4	1.330421727946e-5
holdout	hub-power-law-cover-518	hub-power-law	baseline-symmetric-map	5	8.013324191427e-7
holdout	hub-power-law-cover-518	hub-power-law	baseline-symmetric-map	6	1.137019767588e-7
holdout	hub-power-law-cover-518	hub-power-law	baseline-symmetric-map	7	2.884408805378e-9
holdout	hub-power-law-cover-518	hub-power-law	baseline-symmetric-map	8	1.301627834242e-10
holdout	hub-power-law-cover-518	hub-power-law	baseline-symmetric-map	9	1.683225958827e-12
holdout	hub-power-law-cover-518	hub-power-law	one-shot-pair-neighborhood	0	1.000000000000e0
holdout	hub-power-law-cover-518	hub-power-law	one-shot-pair-neighborhood	1	1.929266518363e-3
holdout	hub-power-law-cover-518	hub-power-law	one-shot-pair-neighborhood	2	1.959822516099e-5
holdout	hub-power-law-cover-518	hub-power-law	one-shot-pair-neighborhood	3	5.310306740048e-7
holdout	hub-power-law-cover-518	hub-power-law	one-shot-pair-neighborhood	4	6.903813010501e-10
holdout	hub-power-law-cover-518	hub-power-law	one-shot-pair-neighborhood	5	1.454430154087e-12
holdout	hub-power-law-cover-518	hub-power-law	bootstrap-initial	0	1.000000000000e0
holdout	hub-power-law-cover-518	hub-power-law	bootstrap-initial	1	2.131629383703e-3
holdout	hub-power-law-cover-518	hub-power-law	bootstrap-initial	2	1.201489044081e-5
holdout	hub-power-law-cover-518	hub-power-law	bootstrap-initial	3	2.138733804921e-7
holdout	hub-power-law-cover-518	hub-power-law	bootstrap-initial	4	6.031438626703e-10
holdout	hub-power-law-cover-518	hub-power-law	bootstrap-initial	5	9.557103985770e-13
holdout	hub-power-law-cover-518	hub-power-law	bootstrap-final	0	1.000000000000e0
holdout	hub-power-law-cover-518	hub-power-law	bootstrap-final	1	2.131629383703e-3
holdout	hub-power-law-cover-518	hub-power-law	bootstrap-final	2	1.201489044081e-5
holdout	hub-power-law-cover-518	hub-power-law	bootstrap-final	3	2.138733804921e-7
holdout	hub-power-law-cover-518	hub-power-law	bootstrap-final	4	6.031438626703e-10
holdout	hub-power-law-cover-518	hub-power-law	bootstrap-final	5	9.557103985770e-13
holdout	weight-dynamic-range-cover-519	weight-dynamic-range	oracle	0	1.000000000000e0
holdout	weight-dynamic-range-cover-519	weight-dynamic-range	oracle	1	2.982090762348e-3
holdout	weight-dynamic-range-cover-519	weight-dynamic-range	oracle	2	1.514558474927e-3
holdout	weight-dynamic-range-cover-519	weight-dynamic-range	oracle	3	1.855997539243e-4
holdout	weight-dynamic-range-cover-519	weight-dynamic-range	oracle	4	1.282816250758e-4
holdout	weight-dynamic-range-cover-519	weight-dynamic-range	oracle	5	2.338902826671e-5
holdout	weight-dynamic-range-cover-519	weight-dynamic-range	oracle	6	6.688035330586e-5
holdout	weight-dynamic-range-cover-519	weight-dynamic-range	oracle	7	6.372365453026e-6
holdout	weight-dynamic-range-cover-519	weight-dynamic-range	oracle	8	2.286126865582e-5
holdout	weight-dynamic-range-cover-519	weight-dynamic-range	oracle	9	1.045679814420e-5
holdout	weight-dynamic-range-cover-519	weight-dynamic-range	oracle	10	2.169114145550e-5
holdout	weight-dynamic-range-cover-519	weight-dynamic-range	oracle	11	2.230259303889e-6
holdout	weight-dynamic-range-cover-519	weight-dynamic-range	oracle	12	1.286011046672e-5
holdout	weight-dynamic-range-cover-519	weight-dynamic-range	oracle	13	8.916677915797e-6
holdout	weight-dynamic-range-cover-519	weight-dynamic-range	oracle	14	4.766002512088e-7
holdout	weight-dynamic-range-cover-519	weight-dynamic-range	oracle	15	7.973869202198e-7
holdout	weight-dynamic-range-cover-519	weight-dynamic-range	oracle	16	7.695506287155e-6
holdout	weight-dynamic-range-cover-519	weight-dynamic-range	oracle	17	1.256403798642e-6
holdout	weight-dynamic-range-cover-519	weight-dynamic-range	oracle	18	6.031459796347e-7
holdout	weight-dynamic-range-cover-519	weight-dynamic-range	oracle	19	6.040406350864e-7
holdout	weight-dynamic-range-cover-519	weight-dynamic-range	oracle	20	3.195345443545e-7
holdout	weight-dynamic-range-cover-519	weight-dynamic-range	oracle	21	1.984400009771e-7
holdout	weight-dynamic-range-cover-519	weight-dynamic-range	oracle	22	8.219573248124e-8
holdout	weight-dynamic-range-cover-519	weight-dynamic-range	oracle	23	1.824592135602e-6
holdout	weight-dynamic-range-cover-519	weight-dynamic-range	oracle	24	1.618275204583e-6
holdout	weight-dynamic-range-cover-519	weight-dynamic-range	oracle	25	9.810023788426e-7
holdout	weight-dynamic-range-cover-519	weight-dynamic-range	oracle	26	9.726558650553e-7
holdout	weight-dynamic-range-cover-519	weight-dynamic-range	oracle	27	3.393288862205e-8
holdout	weight-dynamic-range-cover-519	weight-dynamic-range	oracle	28	5.018466474336e-9
holdout	weight-dynamic-range-cover-519	weight-dynamic-range	oracle	29	1.585784313582e-9
holdout	weight-dynamic-range-cover-519	weight-dynamic-range	oracle	30	2.427637295125e-10
holdout	weight-dynamic-range-cover-519	weight-dynamic-range	oracle	31	4.823668474890e-11
holdout	weight-dynamic-range-cover-519	weight-dynamic-range	baseline-symmetric-map	0	1.000000000000e0
holdout	weight-dynamic-range-cover-519	weight-dynamic-range	baseline-symmetric-map	1	1.121442484246e-2
holdout	weight-dynamic-range-cover-519	weight-dynamic-range	baseline-symmetric-map	2	7.499757730424e-3
holdout	weight-dynamic-range-cover-519	weight-dynamic-range	baseline-symmetric-map	3	1.015962616160e-3
holdout	weight-dynamic-range-cover-519	weight-dynamic-range	baseline-symmetric-map	4	5.777605115465e-4
holdout	weight-dynamic-range-cover-519	weight-dynamic-range	baseline-symmetric-map	5	2.964458922781e-4
holdout	weight-dynamic-range-cover-519	weight-dynamic-range	baseline-symmetric-map	6	2.128631513057e-4
holdout	weight-dynamic-range-cover-519	weight-dynamic-range	baseline-symmetric-map	7	1.976066927505e-4
holdout	weight-dynamic-range-cover-519	weight-dynamic-range	baseline-symmetric-map	8	1.761685093388e-4
holdout	weight-dynamic-range-cover-519	weight-dynamic-range	baseline-symmetric-map	9	9.227798415008e-5
holdout	weight-dynamic-range-cover-519	weight-dynamic-range	baseline-symmetric-map	10	4.442836082728e-5
holdout	weight-dynamic-range-cover-519	weight-dynamic-range	baseline-symmetric-map	11	2.231927497812e-5
holdout	weight-dynamic-range-cover-519	weight-dynamic-range	baseline-symmetric-map	12	2.191928826219e-5
holdout	weight-dynamic-range-cover-519	weight-dynamic-range	baseline-symmetric-map	13	6.231538281434e-5
holdout	weight-dynamic-range-cover-519	weight-dynamic-range	baseline-symmetric-map	14	1.690548114806e-5
holdout	weight-dynamic-range-cover-519	weight-dynamic-range	baseline-symmetric-map	15	3.694157353065e-5
holdout	weight-dynamic-range-cover-519	weight-dynamic-range	baseline-symmetric-map	16	9.467265547281e-6
holdout	weight-dynamic-range-cover-519	weight-dynamic-range	baseline-symmetric-map	17	6.227086289789e-5
holdout	weight-dynamic-range-cover-519	weight-dynamic-range	baseline-symmetric-map	18	9.929723978681e-5
holdout	weight-dynamic-range-cover-519	weight-dynamic-range	baseline-symmetric-map	19	2.661954578325e-6
holdout	weight-dynamic-range-cover-519	weight-dynamic-range	baseline-symmetric-map	20	7.770954646700e-6
holdout	weight-dynamic-range-cover-519	weight-dynamic-range	baseline-symmetric-map	21	4.969829167954e-6
holdout	weight-dynamic-range-cover-519	weight-dynamic-range	baseline-symmetric-map	22	2.172790778830e-5
holdout	weight-dynamic-range-cover-519	weight-dynamic-range	baseline-symmetric-map	23	9.562362627620e-7
holdout	weight-dynamic-range-cover-519	weight-dynamic-range	baseline-symmetric-map	24	5.073185208420e-7
holdout	weight-dynamic-range-cover-519	weight-dynamic-range	baseline-symmetric-map	25	3.484910003147e-7
holdout	weight-dynamic-range-cover-519	weight-dynamic-range	baseline-symmetric-map	26	4.189140818305e-7
holdout	weight-dynamic-range-cover-519	weight-dynamic-range	baseline-symmetric-map	27	8.563811054328e-7
holdout	weight-dynamic-range-cover-519	weight-dynamic-range	baseline-symmetric-map	28	3.316963061368e-7
holdout	weight-dynamic-range-cover-519	weight-dynamic-range	baseline-symmetric-map	29	7.989749121460e-6
holdout	weight-dynamic-range-cover-519	weight-dynamic-range	baseline-symmetric-map	30	1.387171548181e-7
holdout	weight-dynamic-range-cover-519	weight-dynamic-range	baseline-symmetric-map	31	2.279158544284e-7
holdout	weight-dynamic-range-cover-519	weight-dynamic-range	baseline-symmetric-map	32	3.859840430916e-7
holdout	weight-dynamic-range-cover-519	weight-dynamic-range	baseline-symmetric-map	33	3.638437391213e-6
holdout	weight-dynamic-range-cover-519	weight-dynamic-range	baseline-symmetric-map	34	1.967389526899e-7
holdout	weight-dynamic-range-cover-519	weight-dynamic-range	baseline-symmetric-map	35	5.173188081018e-7
holdout	weight-dynamic-range-cover-519	weight-dynamic-range	baseline-symmetric-map	36	1.269380338254e-6
holdout	weight-dynamic-range-cover-519	weight-dynamic-range	baseline-symmetric-map	37	2.429416686706e-7
holdout	weight-dynamic-range-cover-519	weight-dynamic-range	baseline-symmetric-map	38	1.062386452440e-6
holdout	weight-dynamic-range-cover-519	weight-dynamic-range	baseline-symmetric-map	39	2.918704969007e-7
holdout	weight-dynamic-range-cover-519	weight-dynamic-range	baseline-symmetric-map	40	4.158705358389e-6
holdout	weight-dynamic-range-cover-519	weight-dynamic-range	baseline-symmetric-map	41	1.982394453396e-7
holdout	weight-dynamic-range-cover-519	weight-dynamic-range	baseline-symmetric-map	42	3.717283740128e-7
holdout	weight-dynamic-range-cover-519	weight-dynamic-range	baseline-symmetric-map	43	8.535259083481e-7
holdout	weight-dynamic-range-cover-519	weight-dynamic-range	baseline-symmetric-map	44	7.215971534419e-7
holdout	weight-dynamic-range-cover-519	weight-dynamic-range	baseline-symmetric-map	45	8.356117675922e-8
holdout	weight-dynamic-range-cover-519	weight-dynamic-range	baseline-symmetric-map	46	4.307287992066e-8
holdout	weight-dynamic-range-cover-519	weight-dynamic-range	baseline-symmetric-map	47	2.393266969298e-7
holdout	weight-dynamic-range-cover-519	weight-dynamic-range	baseline-symmetric-map	48	6.576052356139e-6
holdout	weight-dynamic-range-cover-519	weight-dynamic-range	baseline-symmetric-map	49	1.247618756966e-6
holdout	weight-dynamic-range-cover-519	weight-dynamic-range	baseline-symmetric-map	50	4.900974940760e-8
holdout	weight-dynamic-range-cover-519	weight-dynamic-range	baseline-symmetric-map	51	1.518076696446e-8
holdout	weight-dynamic-range-cover-519	weight-dynamic-range	baseline-symmetric-map	52	1.857895533843e-8
holdout	weight-dynamic-range-cover-519	weight-dynamic-range	baseline-symmetric-map	53	9.427260405504e-9
holdout	weight-dynamic-range-cover-519	weight-dynamic-range	baseline-symmetric-map	54	9.079760917034e-9
holdout	weight-dynamic-range-cover-519	weight-dynamic-range	baseline-symmetric-map	55	5.490345294029e-9
holdout	weight-dynamic-range-cover-519	weight-dynamic-range	baseline-symmetric-map	56	7.486855779220e-10
holdout	weight-dynamic-range-cover-519	weight-dynamic-range	baseline-symmetric-map	57	7.766020502252e-10
holdout	weight-dynamic-range-cover-519	weight-dynamic-range	baseline-symmetric-map	58	9.470081410001e-10
holdout	weight-dynamic-range-cover-519	weight-dynamic-range	baseline-symmetric-map	59	4.309522907083e-10
holdout	weight-dynamic-range-cover-519	weight-dynamic-range	baseline-symmetric-map	60	3.785093762250e-12
holdout	weight-dynamic-range-cover-519	weight-dynamic-range	one-shot-pair-neighborhood	0	1.000000000000e0
holdout	weight-dynamic-range-cover-519	weight-dynamic-range	one-shot-pair-neighborhood	1	8.835209003255e-3
holdout	weight-dynamic-range-cover-519	weight-dynamic-range	one-shot-pair-neighborhood	2	1.155115122565e-3
holdout	weight-dynamic-range-cover-519	weight-dynamic-range	one-shot-pair-neighborhood	3	4.172314456745e-4
holdout	weight-dynamic-range-cover-519	weight-dynamic-range	one-shot-pair-neighborhood	4	2.734352785464e-4
holdout	weight-dynamic-range-cover-519	weight-dynamic-range	one-shot-pair-neighborhood	5	5.228168798932e-5
holdout	weight-dynamic-range-cover-519	weight-dynamic-range	one-shot-pair-neighborhood	6	2.960374516039e-5
holdout	weight-dynamic-range-cover-519	weight-dynamic-range	one-shot-pair-neighborhood	7	2.530712043625e-5
holdout	weight-dynamic-range-cover-519	weight-dynamic-range	one-shot-pair-neighborhood	8	2.907610119730e-5
holdout	weight-dynamic-range-cover-519	weight-dynamic-range	one-shot-pair-neighborhood	9	3.201906058814e-5
holdout	weight-dynamic-range-cover-519	weight-dynamic-range	one-shot-pair-neighborhood	10	8.149715838903e-6
holdout	weight-dynamic-range-cover-519	weight-dynamic-range	one-shot-pair-neighborhood	11	2.359342641223e-5
holdout	weight-dynamic-range-cover-519	weight-dynamic-range	one-shot-pair-neighborhood	12	8.816252828690e-7
holdout	weight-dynamic-range-cover-519	weight-dynamic-range	one-shot-pair-neighborhood	13	7.046174006548e-6
holdout	weight-dynamic-range-cover-519	weight-dynamic-range	one-shot-pair-neighborhood	14	3.733680339841e-7
holdout	weight-dynamic-range-cover-519	weight-dynamic-range	one-shot-pair-neighborhood	15	9.268232467655e-7
holdout	weight-dynamic-range-cover-519	weight-dynamic-range	one-shot-pair-neighborhood	16	4.486039900286e-7
holdout	weight-dynamic-range-cover-519	weight-dynamic-range	one-shot-pair-neighborhood	17	2.217931809184e-7
holdout	weight-dynamic-range-cover-519	weight-dynamic-range	one-shot-pair-neighborhood	18	4.363648584751e-7
holdout	weight-dynamic-range-cover-519	weight-dynamic-range	one-shot-pair-neighborhood	19	4.081597642050e-7
holdout	weight-dynamic-range-cover-519	weight-dynamic-range	one-shot-pair-neighborhood	20	4.167482723451e-6
holdout	weight-dynamic-range-cover-519	weight-dynamic-range	one-shot-pair-neighborhood	21	9.237543475801e-7
holdout	weight-dynamic-range-cover-519	weight-dynamic-range	one-shot-pair-neighborhood	22	7.212617408156e-7
holdout	weight-dynamic-range-cover-519	weight-dynamic-range	one-shot-pair-neighborhood	23	1.814672230221e-8
holdout	weight-dynamic-range-cover-519	weight-dynamic-range	one-shot-pair-neighborhood	24	6.128655842170e-9
holdout	weight-dynamic-range-cover-519	weight-dynamic-range	one-shot-pair-neighborhood	25	5.992638647897e-9
holdout	weight-dynamic-range-cover-519	weight-dynamic-range	one-shot-pair-neighborhood	26	2.109558360554e-7
holdout	weight-dynamic-range-cover-519	weight-dynamic-range	one-shot-pair-neighborhood	27	8.151731079275e-9
holdout	weight-dynamic-range-cover-519	weight-dynamic-range	one-shot-pair-neighborhood	28	3.072215228681e-11
holdout	weight-dynamic-range-cover-519	weight-dynamic-range	bootstrap-initial	0	1.000000000000e0
holdout	weight-dynamic-range-cover-519	weight-dynamic-range	bootstrap-initial	1	4.496891780291e-4
holdout	weight-dynamic-range-cover-519	weight-dynamic-range	bootstrap-initial	2	4.161163636711e-4
holdout	weight-dynamic-range-cover-519	weight-dynamic-range	bootstrap-initial	3	3.500071203265e-4
holdout	weight-dynamic-range-cover-519	weight-dynamic-range	bootstrap-initial	4	5.948422422005e-5
holdout	weight-dynamic-range-cover-519	weight-dynamic-range	bootstrap-initial	5	6.283386415200e-5
holdout	weight-dynamic-range-cover-519	weight-dynamic-range	bootstrap-initial	6	9.012806033608e-5
holdout	weight-dynamic-range-cover-519	weight-dynamic-range	bootstrap-initial	7	7.008670200391e-5
holdout	weight-dynamic-range-cover-519	weight-dynamic-range	bootstrap-initial	8	8.878452718979e-5
holdout	weight-dynamic-range-cover-519	weight-dynamic-range	bootstrap-initial	9	1.300560984472e-4
holdout	weight-dynamic-range-cover-519	weight-dynamic-range	bootstrap-initial	10	1.539555290309e-5
holdout	weight-dynamic-range-cover-519	weight-dynamic-range	bootstrap-initial	11	9.831747395893e-6
holdout	weight-dynamic-range-cover-519	weight-dynamic-range	bootstrap-initial	12	5.713023187998e-5
holdout	weight-dynamic-range-cover-519	weight-dynamic-range	bootstrap-initial	13	1.317759397786e-5
holdout	weight-dynamic-range-cover-519	weight-dynamic-range	bootstrap-initial	14	4.626157107559e-6
holdout	weight-dynamic-range-cover-519	weight-dynamic-range	bootstrap-initial	15	1.078433828600e-5
holdout	weight-dynamic-range-cover-519	weight-dynamic-range	bootstrap-initial	16	1.949046691995e-6
holdout	weight-dynamic-range-cover-519	weight-dynamic-range	bootstrap-initial	17	1.790860494827e-6
holdout	weight-dynamic-range-cover-519	weight-dynamic-range	bootstrap-initial	18	1.226343415207e-6
holdout	weight-dynamic-range-cover-519	weight-dynamic-range	bootstrap-initial	19	1.055409496717e-5
holdout	weight-dynamic-range-cover-519	weight-dynamic-range	bootstrap-initial	20	1.427465665919e-5
holdout	weight-dynamic-range-cover-519	weight-dynamic-range	bootstrap-initial	21	2.092523747570e-5
holdout	weight-dynamic-range-cover-519	weight-dynamic-range	bootstrap-initial	22	2.899410332802e-6
holdout	weight-dynamic-range-cover-519	weight-dynamic-range	bootstrap-initial	23	2.350095900609e-6
holdout	weight-dynamic-range-cover-519	weight-dynamic-range	bootstrap-initial	24	5.925009077919e-7
holdout	weight-dynamic-range-cover-519	weight-dynamic-range	bootstrap-initial	25	1.065774928168e-6
holdout	weight-dynamic-range-cover-519	weight-dynamic-range	bootstrap-initial	26	5.126893967819e-6
holdout	weight-dynamic-range-cover-519	weight-dynamic-range	bootstrap-initial	27	2.348254444483e-7
holdout	weight-dynamic-range-cover-519	weight-dynamic-range	bootstrap-initial	28	2.927881789959e-7
holdout	weight-dynamic-range-cover-519	weight-dynamic-range	bootstrap-initial	29	3.152364191578e-7
holdout	weight-dynamic-range-cover-519	weight-dynamic-range	bootstrap-initial	30	4.296642616409e-7
holdout	weight-dynamic-range-cover-519	weight-dynamic-range	bootstrap-initial	31	4.063392076843e-6
holdout	weight-dynamic-range-cover-519	weight-dynamic-range	bootstrap-initial	32	5.964699274609e-7
holdout	weight-dynamic-range-cover-519	weight-dynamic-range	bootstrap-initial	33	6.478327322031e-8
holdout	weight-dynamic-range-cover-519	weight-dynamic-range	bootstrap-initial	34	2.629857569604e-8
holdout	weight-dynamic-range-cover-519	weight-dynamic-range	bootstrap-initial	35	1.183131497014e-9
holdout	weight-dynamic-range-cover-519	weight-dynamic-range	bootstrap-initial	36	6.132234572528e-10
holdout	weight-dynamic-range-cover-519	weight-dynamic-range	bootstrap-initial	37	3.319734928290e-10
holdout	weight-dynamic-range-cover-519	weight-dynamic-range	bootstrap-initial	38	4.172811183579e-11
holdout	weight-dynamic-range-cover-519	weight-dynamic-range	bootstrap-final	0	1.000000000000e0
holdout	weight-dynamic-range-cover-519	weight-dynamic-range	bootstrap-final	1	3.492727608785e-4
holdout	weight-dynamic-range-cover-519	weight-dynamic-range	bootstrap-final	2	2.370837660895e-4
holdout	weight-dynamic-range-cover-519	weight-dynamic-range	bootstrap-final	3	1.969786488841e-4
holdout	weight-dynamic-range-cover-519	weight-dynamic-range	bootstrap-final	4	1.097925628225e-4
holdout	weight-dynamic-range-cover-519	weight-dynamic-range	bootstrap-final	5	6.075639082605e-5
holdout	weight-dynamic-range-cover-519	weight-dynamic-range	bootstrap-final	6	3.016796440982e-5
holdout	weight-dynamic-range-cover-519	weight-dynamic-range	bootstrap-final	7	1.684512762644e-5
holdout	weight-dynamic-range-cover-519	weight-dynamic-range	bootstrap-final	8	2.224863531452e-5
holdout	weight-dynamic-range-cover-519	weight-dynamic-range	bootstrap-final	9	3.812185309427e-6
holdout	weight-dynamic-range-cover-519	weight-dynamic-range	bootstrap-final	10	3.603876095850e-6
holdout	weight-dynamic-range-cover-519	weight-dynamic-range	bootstrap-final	11	4.667663557179e-6
holdout	weight-dynamic-range-cover-519	weight-dynamic-range	bootstrap-final	12	1.830022221318e-5
holdout	weight-dynamic-range-cover-519	weight-dynamic-range	bootstrap-final	13	1.572285877079e-6
holdout	weight-dynamic-range-cover-519	weight-dynamic-range	bootstrap-final	14	4.037633268515e-6
holdout	weight-dynamic-range-cover-519	weight-dynamic-range	bootstrap-final	15	7.623199699157e-6
holdout	weight-dynamic-range-cover-519	weight-dynamic-range	bootstrap-final	16	1.161628768516e-6
holdout	weight-dynamic-range-cover-519	weight-dynamic-range	bootstrap-final	17	5.067743024806e-6
holdout	weight-dynamic-range-cover-519	weight-dynamic-range	bootstrap-final	18	6.122926344541e-6
holdout	weight-dynamic-range-cover-519	weight-dynamic-range	bootstrap-final	19	4.944034106995e-6
holdout	weight-dynamic-range-cover-519	weight-dynamic-range	bootstrap-final	20	2.329884964113e-7
holdout	weight-dynamic-range-cover-519	weight-dynamic-range	bootstrap-final	21	2.149363025329e-7
holdout	weight-dynamic-range-cover-519	weight-dynamic-range	bootstrap-final	22	2.105204083903e-7
holdout	weight-dynamic-range-cover-519	weight-dynamic-range	bootstrap-final	23	5.862099811442e-8
holdout	weight-dynamic-range-cover-519	weight-dynamic-range	bootstrap-final	24	3.355128193207e-8
holdout	weight-dynamic-range-cover-519	weight-dynamic-range	bootstrap-final	25	5.531050570146e-8
holdout	weight-dynamic-range-cover-519	weight-dynamic-range	bootstrap-final	26	5.347864738053e-8
holdout	weight-dynamic-range-cover-519	weight-dynamic-range	bootstrap-final	27	1.902799516796e-10
holdout	weight-dynamic-range-cover-519	weight-dynamic-range	bootstrap-final	28	3.194946557143e-10
holdout	weight-dynamic-range-cover-519	weight-dynamic-range	bootstrap-final	29	8.925774759973e-10
holdout	weight-dynamic-range-cover-519	weight-dynamic-range	bootstrap-final	30	2.648886655859e-11
holdout	latin-square-cover-520	latin-square	oracle	0	1.000000000000e0
holdout	latin-square-cover-520	latin-square	oracle	1	1.272101831980e-2
holdout	latin-square-cover-520	latin-square	oracle	2	3.152074999686e-3
holdout	latin-square-cover-520	latin-square	oracle	3	3.994468593476e-4
holdout	latin-square-cover-520	latin-square	oracle	4	3.663896349665e-5
holdout	latin-square-cover-520	latin-square	oracle	5	3.437436170695e-6
holdout	latin-square-cover-520	latin-square	oracle	6	1.448146090283e-7
holdout	latin-square-cover-520	latin-square	oracle	7	9.220355648278e-9
holdout	latin-square-cover-520	latin-square	oracle	8	2.717378541213e-10
holdout	latin-square-cover-520	latin-square	oracle	9	2.173023560220e-12
holdout	latin-square-cover-520	latin-square	baseline-symmetric-map	0	1.000000000000e0
holdout	latin-square-cover-520	latin-square	baseline-symmetric-map	1	2.668371695286e-2
holdout	latin-square-cover-520	latin-square	baseline-symmetric-map	2	1.029116597719e-2
holdout	latin-square-cover-520	latin-square	baseline-symmetric-map	3	3.989290516705e-3
holdout	latin-square-cover-520	latin-square	baseline-symmetric-map	4	1.069293294414e-3
holdout	latin-square-cover-520	latin-square	baseline-symmetric-map	5	2.245213204413e-4
holdout	latin-square-cover-520	latin-square	baseline-symmetric-map	6	3.970712156351e-5
holdout	latin-square-cover-520	latin-square	baseline-symmetric-map	7	7.254156895286e-6
holdout	latin-square-cover-520	latin-square	baseline-symmetric-map	8	1.204194086807e-6
holdout	latin-square-cover-520	latin-square	baseline-symmetric-map	9	9.095445617703e-8
holdout	latin-square-cover-520	latin-square	baseline-symmetric-map	10	2.443022113125e-8
holdout	latin-square-cover-520	latin-square	baseline-symmetric-map	11	8.265769272705e-10
holdout	latin-square-cover-520	latin-square	baseline-symmetric-map	12	4.200388152871e-11
holdout	latin-square-cover-520	latin-square	one-shot-pair-neighborhood	0	1.000000000000e0
holdout	latin-square-cover-520	latin-square	one-shot-pair-neighborhood	1	6.049511310539e-3
holdout	latin-square-cover-520	latin-square	one-shot-pair-neighborhood	2	1.002955731946e-3
holdout	latin-square-cover-520	latin-square	one-shot-pair-neighborhood	3	7.822976329075e-5
holdout	latin-square-cover-520	latin-square	one-shot-pair-neighborhood	4	4.762178628509e-6
holdout	latin-square-cover-520	latin-square	one-shot-pair-neighborhood	5	7.508983651539e-8
holdout	latin-square-cover-520	latin-square	one-shot-pair-neighborhood	6	6.825471245455e-9
holdout	latin-square-cover-520	latin-square	one-shot-pair-neighborhood	7	4.009396544372e-11
holdout	latin-square-cover-520	latin-square	bootstrap-initial	0	1.000000000000e0
holdout	latin-square-cover-520	latin-square	bootstrap-initial	1	8.166491415184e-3
holdout	latin-square-cover-520	latin-square	bootstrap-initial	2	1.484888319503e-3
holdout	latin-square-cover-520	latin-square	bootstrap-initial	3	1.341296739637e-4
holdout	latin-square-cover-520	latin-square	bootstrap-initial	4	4.876367949673e-6
holdout	latin-square-cover-520	latin-square	bootstrap-initial	5	3.442182539533e-7
holdout	latin-square-cover-520	latin-square	bootstrap-initial	6	9.595271753002e-9
holdout	latin-square-cover-520	latin-square	bootstrap-initial	7	6.238664887157e-11
holdout	latin-square-cover-520	latin-square	bootstrap-final	0	1.000000000000e0
holdout	latin-square-cover-520	latin-square	bootstrap-final	1	8.166491415184e-3
holdout	latin-square-cover-520	latin-square	bootstrap-final	2	1.484888319503e-3
holdout	latin-square-cover-520	latin-square	bootstrap-final	3	1.341296739637e-4
holdout	latin-square-cover-520	latin-square	bootstrap-final	4	4.876367949673e-6
holdout	latin-square-cover-520	latin-square	bootstrap-final	5	3.442182539533e-7
holdout	latin-square-cover-520	latin-square	bootstrap-final	6	9.595271753002e-9
holdout	latin-square-cover-520	latin-square	bootstrap-final	7	6.238664887157e-11
holdout	tensor-grid-cover-521	tensor-grid	oracle	0	1.000000000000e0
holdout	tensor-grid-cover-521	tensor-grid	oracle	1	7.168036882382e-4
holdout	tensor-grid-cover-521	tensor-grid	oracle	2	1.349930690038e-5
holdout	tensor-grid-cover-521	tensor-grid	oracle	3	3.726853281185e-7
holdout	tensor-grid-cover-521	tensor-grid	oracle	4	5.835589037208e-9
holdout	tensor-grid-cover-521	tensor-grid	oracle	5	6.778156488094e-12
holdout	tensor-grid-cover-521	tensor-grid	baseline-symmetric-map	0	1.000000000000e0
holdout	tensor-grid-cover-521	tensor-grid	baseline-symmetric-map	1	3.155834980095e-3
holdout	tensor-grid-cover-521	tensor-grid	baseline-symmetric-map	2	3.855737699427e-4
holdout	tensor-grid-cover-521	tensor-grid	baseline-symmetric-map	3	3.017413614812e-5
holdout	tensor-grid-cover-521	tensor-grid	baseline-symmetric-map	4	2.120845252435e-6
holdout	tensor-grid-cover-521	tensor-grid	baseline-symmetric-map	5	3.025658811189e-7
holdout	tensor-grid-cover-521	tensor-grid	baseline-symmetric-map	6	7.537789468002e-9
holdout	tensor-grid-cover-521	tensor-grid	baseline-symmetric-map	7	5.284907835201e-11
holdout	tensor-grid-cover-521	tensor-grid	one-shot-pair-neighborhood	0	1.000000000000e0
holdout	tensor-grid-cover-521	tensor-grid	one-shot-pair-neighborhood	1	3.818658484407e-4
holdout	tensor-grid-cover-521	tensor-grid	one-shot-pair-neighborhood	2	1.186285046340e-5
holdout	tensor-grid-cover-521	tensor-grid	one-shot-pair-neighborhood	3	3.959129186304e-7
holdout	tensor-grid-cover-521	tensor-grid	one-shot-pair-neighborhood	4	1.351800925983e-9
holdout	tensor-grid-cover-521	tensor-grid	one-shot-pair-neighborhood	5	6.131996037631e-13
holdout	tensor-grid-cover-521	tensor-grid	bootstrap-initial	0	1.000000000000e0
holdout	tensor-grid-cover-521	tensor-grid	bootstrap-initial	1	4.211709347588e-4
holdout	tensor-grid-cover-521	tensor-grid	bootstrap-initial	2	3.800890389643e-6
holdout	tensor-grid-cover-521	tensor-grid	bootstrap-initial	3	1.127324972153e-7
holdout	tensor-grid-cover-521	tensor-grid	bootstrap-initial	4	2.611885997433e-10
holdout	tensor-grid-cover-521	tensor-grid	bootstrap-initial	5	1.052139785701e-13
holdout	tensor-grid-cover-521	tensor-grid	bootstrap-final	0	1.000000000000e0
holdout	tensor-grid-cover-521	tensor-grid	bootstrap-final	1	4.211709347588e-4
holdout	tensor-grid-cover-521	tensor-grid	bootstrap-final	2	3.800890389643e-6
holdout	tensor-grid-cover-521	tensor-grid	bootstrap-final	3	1.127324972153e-7
holdout	tensor-grid-cover-521	tensor-grid	bootstrap-final	4	2.611885997433e-10
holdout	tensor-grid-cover-521	tensor-grid	bootstrap-final	5	1.052139785701e-13
