set	case	family	method	iteration	relative_true_residual
recursive-cycle-holdout-v1	recursive-latin-depth-2-seed-800	recursive-latin	baseline-symmetric-map	0	1.000000000000e0
recursive-cycle-holdout-v1	recursive-latin-depth-2-seed-800	recursive-latin	baseline-symmetric-map	1	3.653198374531e-2
recursive-cycle-holdout-v1	recursive-latin-depth-2-seed-800	recursive-latin	baseline-symmetric-map	2	7.063821318555e-3
recursive-cycle-holdout-v1	recursive-latin-depth-2-seed-800	recursive-latin	baseline-symmetric-map	3	1.102441001724e-3
recursive-cycle-holdout-v1	recursive-latin-depth-2-seed-800	recursive-latin	baseline-symmetric-map	4	3.278625377377e-4
recursive-cycle-holdout-v1	recursive-latin-depth-2-seed-800	recursive-latin	baseline-symmetric-map	5	7.969749464566e-5
recursive-cycle-holdout-v1	recursive-latin-depth-2-seed-800	recursive-latin	baseline-symmetric-map	6	2.034742046338e-5
recursive-cycle-holdout-v1	recursive-latin-depth-2-seed-800	recursive-latin	baseline-symmetric-map	7	5.459397462958e-6
recursive-cycle-holdout-v1	recursive-latin-depth-2-seed-800	recursive-latin	baseline-symmetric-map	8	1.372227013195e-6
recursive-cycle-holdout-v1	recursive-latin-depth-2-seed-800	recursive-latin	baseline-symmetric-map	9	2.084316765625e-7
recursive-cycle-holdout-v1	recursive-latin-depth-2-seed-800	recursive-latin	baseline-symmetric-map	10	6.596297126305e-8
recursive-cycle-holdout-v1	recursive-latin-depth-2-seed-800	recursive-latin	baseline-symmetric-map	11	1.500609494332e-8
recursive-cycle-holdout-v1	recursive-latin-depth-2-seed-800	recursive-latin	baseline-symmetric-map	12	3.574923224587e-9
recursive-cycle-holdout-v1	recursive-latin-depth-2-seed-800	recursive-latin	baseline-symmetric-map	13	8.692952787081e-10
recursive-cycle-holdout-v1	recursive-latin-depth-2-seed-800	recursive-latin	baseline-symmetric-map	14	2.264250135416e-10
recursive-cycle-holdout-v1	recursive-latin-depth-2-seed-800	recursive-latin	baseline-symmetric-map	15	2.779603824060e-11
recursive-cycle-holdout-v1	recursive-latin-depth-2-seed-800	recursive-latin	oracle-map-hierarchy	0	1.000000000000e0
recursive-cycle-holdout-v1	recursive-latin-depth-2-seed-800	recursive-latin	oracle-map-hierarchy	1	6.581839352135e-3
recursive-cycle-holdout-v1	recursive-latin-depth-2-seed-800	recursive-latin	oracle-map-hierarchy	2	6.471072150187e-4
recursive-cycle-holdout-v1	recursive-latin-depth-2-seed-800	recursive-latin	oracle-map-hierarchy	3	1.093608198073e-4
recursive-cycle-holdout-v1	recursive-latin-depth-2-seed-800	recursive-latin	oracle-map-hierarchy	4	1.209670781165e-5
recursive-cycle-holdout-v1	recursive-latin-depth-2-seed-800	recursive-latin	oracle-map-hierarchy	5	1.724921905097e-6
recursive-cycle-holdout-v1	recursive-latin-depth-2-seed-800	recursive-latin	oracle-map-hierarchy	6	1.663447314618e-7
recursive-cycle-holdout-v1	recursive-latin-depth-2-seed-800	recursive-latin	oracle-map-hierarchy	7	1.359491457596e-8
recursive-cycle-holdout-v1	recursive-latin-depth-2-seed-800	recursive-latin	oracle-map-hierarchy	8	1.081648717594e-9
recursive-cycle-holdout-v1	recursive-latin-depth-2-seed-800	recursive-latin	oracle-map-hierarchy	9	8.350055908581e-11
recursive-cycle-holdout-v1	recursive-latin-depth-2-seed-800	recursive-latin	recursive-one-shot	0	1.000000000000e0
recursive-cycle-holdout-v1	recursive-latin-depth-2-seed-800	recursive-latin	recursive-one-shot	1	6.593111873409e-3
recursive-cycle-holdout-v1	recursive-latin-depth-2-seed-800	recursive-latin	recursive-one-shot	2	3.819862714370e-4
recursive-cycle-holdout-v1	recursive-latin-depth-2-seed-800	recursive-latin	recursive-one-shot	3	3.412696911313e-5
recursive-cycle-holdout-v1	recursive-latin-depth-2-seed-800	recursive-latin	recursive-one-shot	4	3.003728377390e-6
recursive-cycle-holdout-v1	recursive-latin-depth-2-seed-800	recursive-latin	recursive-one-shot	5	1.393527550205e-7
recursive-cycle-holdout-v1	recursive-latin-depth-2-seed-800	recursive-latin	recursive-one-shot	6	1.284304516550e-8
recursive-cycle-holdout-v1	recursive-latin-depth-2-seed-800	recursive-latin	recursive-one-shot	7	6.246806624616e-10
recursive-cycle-holdout-v1	recursive-latin-depth-2-seed-800	recursive-latin	recursive-one-shot	8	2.901530472390e-11
recursive-cycle-holdout-v1	recursive-latin-depth-3-seed-801	recursive-latin	baseline-symmetric-map	0	1.000000000000e0
recursive-cycle-holdout-v1	recursive-latin-depth-3-seed-801	recursive-latin	baseline-symmetric-map	1	6.617750415062e-2
recursive-cycle-holdout-v1	recursive-latin-depth-3-seed-801	recursive-latin	baseline-symmetric-map	2	1.790641997822e-2
recursive-cycle-holdout-v1	recursive-latin-depth-3-seed-801	recursive-latin	baseline-symmetric-map	3	5.240543324989e-3
recursive-cycle-holdout-v1	recursive-latin-depth-3-seed-801	recursive-latin	baseline-symmetric-map	4	1.135338404610e-3
recursive-cycle-holdout-v1	recursive-latin-depth-3-seed-801	recursive-latin	baseline-symmetric-map	5	2.723576673195e-4
recursive-cycle-holdout-v1	recursive-latin-depth-3-seed-801	recursive-latin	baseline-symmetric-map	6	7.414308379725e-5
recursive-cycle-holdout-v1	recursive-latin-depth-3-seed-801	recursive-latin	baseline-symmetric-map	7	2.517589059532e-5
recursive-cycle-holdout-v1	recursive-latin-depth-3-seed-801	recursive-latin	baseline-symmetric-map	8	6.351070006300e-6
recursive-cycle-holdout-v1	recursive-latin-depth-3-seed-801	recursive-latin	baseline-symmetric-map	9	1.509941550224e-6
recursive-cycle-holdout-v1	recursive-latin-depth-3-seed-801	recursive-latin	baseline-symmetric-map	10	3.361158401698e-7
recursive-cycle-holdout-v1	recursive-latin-depth-3-seed-801	recursive-latin	baseline-symmetric-map	11	1.005161251669e-7
recursive-cycle-holdout-v1	recursive-latin-depth-3-seed-801	recursive-latin	baseline-symmetric-map	12	2.576986256074e-8
recursive-cycle-holdout-v1	recursive-latin-depth-3-seed-801	recursive-latin	baseline-symmetric-map	13	6.488066466477e-9
recursive-cycle-holdout-v1	recursive-latin-depth-3-seed-801	recursive-latin	baseline-symmetric-map	14	1.662448459502e-9
recursive-cycle-holdout-v1	recursive-latin-depth-3-seed-801	recursive-latin	baseline-symmetric-map	15	4.268813472098e-10
recursive-cycle-holdout-v1	recursive-latin-depth-3-seed-801	recursive-latin	baseline-symmetric-map	16	1.034264846947e-10
recursive-cycle-holdout-v1	recursive-latin-depth-3-seed-801	recursive-latin	baseline-symmetric-map	17	3.026396729162e-11
recursive-cycle-holdout-v1	recursive-latin-depth-3-seed-801	recursive-latin	oracle-map-hierarchy	0	1.000000000000e0
recursive-cycle-holdout-v1	recursive-latin-depth-3-seed-801	recursive-latin	oracle-map-hierarchy	1	9.222862195519e-3
recursive-cycle-holdout-v1	recursive-latin-depth-3-seed-801	recursive-latin	oracle-map-hierarchy	2	1.257665312234e-3
recursive-cycle-holdout-v1	recursive-latin-depth-3-seed-801	recursive-latin	oracle-map-hierarchy	3	1.686942649056e-4
recursive-cycle-holdout-v1	recursive-latin-depth-3-seed-801	recursive-latin	oracle-map-hierarchy	4	1.766429526493e-5
recursive-cycle-holdout-v1	recursive-latin-depth-3-seed-801	recursive-latin	oracle-map-hierarchy	5	2.822591660692e-6
recursive-cycle-holdout-v1	recursive-latin-depth-3-seed-801	recursive-latin	oracle-map-hierarchy	6	5.081529528209e-7
recursive-cycle-holdout-v1	recursive-latin-depth-3-seed-801	recursive-latin	oracle-map-hierarchy	7	6.258862848493e-8
recursive-cycle-holdout-v1	recursive-latin-depth-3-seed-801	recursive-latin	oracle-map-hierarchy	8	7.830988425512e-9
recursive-cycle-holdout-v1	recursive-latin-depth-3-seed-801	recursive-latin	oracle-map-hierarchy	9	8.352111047274e-10
recursive-cycle-holdout-v1	recursive-latin-depth-3-seed-801	recursive-latin	oracle-map-hierarchy	10	8.853539253561e-11
recursive-cycle-holdout-v1	recursive-latin-depth-3-seed-801	recursive-latin	recursive-one-shot	0	1.000000000000e0
recursive-cycle-holdout-v1	recursive-latin-depth-3-seed-801	recursive-latin	recursive-one-shot	1	1.433525141291e-2
recursive-cycle-holdout-v1	recursive-latin-depth-3-seed-801	recursive-latin	recursive-one-shot	2	1.268532713531e-3
recursive-cycle-holdout-v1	recursive-latin-depth-3-seed-801	recursive-latin	recursive-one-shot	3	9.888902727075e-5
recursive-cycle-holdout-v1	recursive-latin-depth-3-seed-801	recursive-latin	recursive-one-shot	4	8.387784008238e-6
recursive-cycle-holdout-v1	recursive-latin-depth-3-seed-801	recursive-latin	recursive-one-shot	5	8.305587779634e-7
recursive-cycle-holdout-v1	recursive-latin-depth-3-seed-801	recursive-latin	recursive-one-shot	6	6.948678377715e-8
recursive-cycle-holdout-v1	recursive-latin-depth-3-seed-801	recursive-latin	recursive-one-shot	7	5.343317740737e-9
recursive-cycle-holdout-v1	recursive-latin-depth-3-seed-801	recursive-latin	recursive-one-shot	8	4.463752287136e-10
recursive-cycle-holdout-v1	recursive-latin-depth-3-seed-801	recursive-latin	recursive-one-shot	9	3.569453802625e-11
recursive-cycle-holdout-v1	recursive-weak-chain-depth-2-seed-802	recursive-weak-chain	baseline-symmetric-map	0	1.000000000000e0
recursive-cycle-holdout-v1	recursive-weak-chain-depth-2-seed-802	recursive-weak-chain	baseline-symmetric-map	1	5.704015916292e-3
recursive-cycle-holdout-v1	recursive-weak-chain-depth-2-seed-802	recursive-weak-chain	baseline-symmetric-map	2	3.904508079921e-3
recursive-cycle-holdout-v1	recursive-weak-chain-depth-2-seed-802	recursive-weak-chain	baseline-symmetric-map	3	3.367742553439e-3
recursive-cycle-holdout-v1	recursive-weak-chain-depth-2-seed-802	recursive-weak-chain	baseline-symmetric-map	4	2.470227204375e-3
recursive-cycle-holdout-v1	recursive-weak-chain-depth-2-seed-802	recursive-weak-chain	baseline-symmetric-map	5	1.752182478898e-3
recursive-cycle-holdout-v1	recursive-weak-chain-depth-2-seed-802	recursive-weak-chain	baseline-symmetric-map	6	1.482901318864e-3
recursive-cycle-holdout-v1	recursive-weak-chain-depth-2-seed-802	recursive-weak-chain	baseline-symmetric-map	7	1.108798565675e-3
recursive-cycle-holdout-v1	recursive-weak-chain-depth-2-seed-802	recursive-weak-chain	baseline-symmetric-map	8	7.439756352137e-4
recursive-cycle-holdout-v1	recursive-weak-chain-depth-2-seed-802	recursive-weak-chain	baseline-symmetric-map	9	4.820218276267e-4
recursive-cycle-holdout-v1	recursive-weak-chain-depth-2-seed-802	recursive-weak-chain	baseline-symmetric-map	10	3.206096875098e-4
recursive-cycle-holdout-v1	recursive-weak-chain-depth-2-seed-802	recursive-weak-chain	baseline-symmetric-map	11	1.229048242636e-3
recursive-cycle-holdout-v1	recursive-weak-chain-depth-2-seed-802	recursive-weak-chain	baseline-symmetric-map	12	2.781092695156e-4
recursive-cycle-holdout-v1	recursive-weak-chain-depth-2-seed-802	recursive-weak-chain	baseline-symmetric-map	13	2.450687119169e-4
recursive-cycle-holdout-v1	recursive-weak-chain-depth-2-seed-802	recursive-weak-chain	baseline-symmetric-map	14	1.773754492746e-4
recursive-cycle-holdout-v1	recursive-weak-chain-depth-2-seed-802	recursive-weak-chain	baseline-symmetric-map	15	1.403511455611e-4
recursive-cycle-holdout-v1	recursive-weak-chain-depth-2-seed-802	recursive-weak-chain	baseline-symmetric-map	16	1.386520408411e-4
recursive-cycle-holdout-v1	recursive-weak-chain-depth-2-seed-802	recursive-weak-chain	baseline-symmetric-map	17	1.280757584021e-4
recursive-cycle-holdout-v1	recursive-weak-chain-depth-2-seed-802	recursive-weak-chain	baseline-symmetric-map	18	9.623429443075e-5
recursive-cycle-holdout-v1	recursive-weak-chain-depth-2-seed-802	recursive-weak-chain	baseline-symmetric-map	19	7.904449181834e-5
recursive-cycle-holdout-v1	recursive-weak-chain-depth-2-seed-802	recursive-weak-chain	baseline-symmetric-map	20	8.425028082276e-5
recursive-cycle-holdout-v1	recursive-weak-chain-depth-2-seed-802	recursive-weak-chain	baseline-symmetric-map	21	2.314482729849e-4
recursive-cycle-holdout-v1	recursive-weak-chain-depth-2-seed-802	recursive-weak-chain	baseline-symmetric-map	22	5.408864251958e-5
recursive-cycle-holdout-v1	recursive-weak-chain-depth-2-seed-802	recursive-weak-chain	baseline-symmetric-map	23	5.574636013502e-5
recursive-cycle-holdout-v1	recursive-weak-chain-depth-2-seed-802	recursive-weak-chain	baseline-symmetric-map	24	3.803885642888e-5
recursive-cycle-holdout-v1	recursive-weak-chain-depth-2-seed-802	recursive-weak-chain	baseline-symmetric-map	25	2.552984566845e-5
recursive-cycle-holdout-v1	recursive-weak-chain-depth-2-seed-802	recursive-weak-chain	baseline-symmetric-map	26	1.474773499400e-5
recursive-cycle-holdout-v1	recursive-weak-chain-depth-2-seed-802	recursive-weak-chain	baseline-symmetric-map	27	1.283895025927e-5
recursive-cycle-holdout-v1	recursive-weak-chain-depth-2-seed-802	recursive-weak-chain	baseline-symmetric-map	28	1.452691974586e-5
recursive-cycle-holdout-v1	recursive-weak-chain-depth-2-seed-802	recursive-weak-chain	baseline-symmetric-map	29	2.489492349581e-5
recursive-cycle-holdout-v1	recursive-weak-chain-depth-2-seed-802	recursive-weak-chain	baseline-symmetric-map	30	2.493188932460e-5
recursive-cycle-holdout-v1	recursive-weak-chain-depth-2-seed-802	recursive-weak-chain	baseline-symmetric-map	31	1.087272584309e-5
recursive-cycle-holdout-v1	recursive-weak-chain-depth-2-seed-802	recursive-weak-chain	baseline-symmetric-map	32	9.495096156894e-6
recursive-cycle-holdout-v1	recursive-weak-chain-depth-2-seed-802	recursive-weak-chain	baseline-symmetric-map	33	7.667468061771e-6
recursive-cycle-holdout-v1	recursive-weak-chain-depth-2-seed-802	recursive-weak-chain	baseline-symmetric-map	34	6.309444093805e-6
recursive-cycle-holdout-v1	recursive-weak-chain-depth-2-seed-802	recursive-weak-chain	baseline-symmetric-map	35	4.726371844498e-6
recursive-cycle-holdout-v1	recursive-weak-chain-depth-2-seed-802	recursive-weak-chain	baseline-symmetric-map	36	3.467566076821e-6
recursive-cycle-holdout-v1	recursive-weak-chain-depth-2-seed-802	recursive-weak-chain	baseline-symmetric-map	37	3.596462123888e-6
recursive-cycle-holdout-v1	recursive-weak-chain-depth-2-seed-802	recursive-weak-chain	baseline-symmetric-map	38	5.267450938149e-6
recursive-cycle-holdout-v1	recursive-weak-chain-depth-2-seed-802	recursive-weak-chain	baseline-symmetric-map	39	1.759131944832e-6
recursive-cycle-holdout-v1	recursive-weak-chain-depth-2-seed-802	recursive-weak-chain	baseline-symmetric-map	40	1.614146056668e-6
recursive-cycle-holdout-v1	recursive-weak-chain-depth-2-seed-802	recursive-weak-chain	baseline-symmetric-map	41	1.398864273740e-6
recursive-cycle-holdout-v1	recursive-weak-chain-depth-2-seed-802	recursive-weak-chain	baseline-symmetric-map	42	1.201885075002e-6
recursive-cycle-holdout-v1	recursive-weak-chain-depth-2-seed-802	recursive-weak-chain	baseline-symmetric-map	43	1.280103612301e-6
recursive-cycle-holdout-v1	recursive-weak-chain-depth-2-seed-802	recursive-weak-chain	baseline-symmetric-map	44	1.268301099699e-6
recursive-cycle-holdout-v1	recursive-weak-chain-depth-2-seed-802	recursive-weak-chain	baseline-symmetric-map	45	2.701124417089e-6
recursive-cycle-holdout-v1	recursive-weak-chain-depth-2-seed-802	recursive-weak-chain	baseline-symmetric-map	46	3.401164440991e-6
recursive-cycle-holdout-v1	recursive-weak-chain-depth-2-seed-802	recursive-weak-chain	baseline-symmetric-map	47	1.222146330437e-6
recursive-cycle-holdout-v1	recursive-weak-chain-depth-2-seed-802	recursive-weak-chain	baseline-symmetric-map	48	1.107333967611e-6
recursive-cycle-holdout-v1	recursive-weak-chain-depth-2-seed-802	recursive-weak-chain	baseline-symmetric-map	49	1.069256471972e-6
recursive-cycle-holdout-v1	recursive-weak-chain-depth-2-seed-802	recursive-weak-chain	baseline-symmetric-map	50	1.150677317392e-6
recursive-cycle-holdout-v1	recursive-weak-chain-depth-2-seed-802	recursive-weak-chain	baseline-symmetric-map	51	1.031184302697e-6
recursive-cycle-holdout-v1	recursive-weak-chain-depth-2-seed-802	recursive-weak-chain	baseline-symmetric-map	52	7.287248973481e-7
recursive-cycle-holdout-v1	recursive-weak-chain-depth-2-seed-802	recursive-weak-chain	baseline-symmetric-map	53	3.470987811647e-6
recursive-cycle-holdout-v1	recursive-weak-chain-depth-2-seed-802	recursive-weak-chain	baseline-symmetric-map	54	3.599341162001e-7
recursive-cycle-holdout-v1	recursive-weak-chain-depth-2-seed-802	recursive-weak-chain	baseline-symmetric-map	55	3.550535207954e-7
recursive-cycle-holdout-v1	recursive-weak-chain-depth-2-seed-802	recursive-weak-chain	baseline-symmetric-map	56	3.106708694948e-7
recursive-cycle-holdout-v1	recursive-weak-chain-depth-2-seed-802	recursive-weak-chain	baseline-symmetric-map	57	2.601139250450e-7
recursive-cycle-holdout-v1	recursive-weak-chain-depth-2-seed-802	recursive-weak-chain	baseline-symmetric-map	58	1.867657475662e-7
recursive-cycle-holdout-v1	recursive-weak-chain-depth-2-seed-802	recursive-weak-chain	baseline-symmetric-map	59	1.748449469348e-7
recursive-cycle-holdout-v1	recursive-weak-chain-depth-2-seed-802	recursive-weak-chain	baseline-symmetric-map	60	3.835968769562e-7
recursive-cycle-holdout-v1	recursive-weak-chain-depth-2-seed-802	recursive-weak-chain	baseline-symmetric-map	61	1.483442812504e-7
recursive-cycle-holdout-v1	recursive-weak-chain-depth-2-seed-802	recursive-weak-chain	baseline-symmetric-map	62	1.354829993411e-7
recursive-cycle-holdout-v1	recursive-weak-chain-depth-2-seed-802	recursive-weak-chain	baseline-symmetric-map	63	1.086079564922e-7
recursive-cycle-holdout-v1	recursive-weak-chain-depth-2-seed-802	recursive-weak-chain	baseline-symmetric-map	64	6.237135008290e-8
recursive-cycle-holdout-v1	recursive-weak-chain-depth-2-seed-802	recursive-weak-chain	baseline-symmetric-map	65	4.190667495339e-8
recursive-cycle-holdout-v1	recursive-weak-chain-depth-2-seed-802	recursive-weak-chain	baseline-symmetric-map	66	2.643511497669e-8
recursive-cycle-holdout-v1	recursive-weak-chain-depth-2-seed-802	recursive-weak-chain	baseline-symmetric-map	67	9.201727511057e-8
recursive-cycle-holdout-v1	recursive-weak-chain-depth-2-seed-802	recursive-weak-chain	baseline-symmetric-map	68	2.569075181176e-8
recursive-cycle-holdout-v1	recursive-weak-chain-depth-2-seed-802	recursive-weak-chain	baseline-symmetric-map	69	1.989422404264e-8
recursive-cycle-holdout-v1	recursive-weak-chain-depth-2-seed-802	recursive-weak-chain	baseline-symmetric-map	70	2.768984696315e-8
recursive-cycle-holdout-v1	recursive-weak-chain-depth-2-seed-802	recursive-weak-chain	baseline-symmetric-map	71	2.500226718658e-8
recursive-cycle-holdout-v1	recursive-weak-chain-depth-2-seed-802	recursive-weak-chain	baseline-symmetric-map	72	2.412423442601e-8
recursive-cycle-holdout-v1	recursive-weak-chain-depth-2-seed-802	recursive-weak-chain	baseline-symmetric-map	73	2.813935771789e-8
recursive-cycle-holdout-v1	recursive-weak-chain-depth-2-seed-802	recursive-weak-chain	baseline-symmetric-map	74	4.921241437136e-8
recursive-cycle-holdout-v1	recursive-weak-chain-depth-2-seed-802	recursive-weak-chain	baseline-symmetric-map	75	2.776842583656e-8
recursive-cycle-holdout-v1	recursive-weak-chain-depth-2-seed-802	recursive-weak-chain	baseline-symmetric-map	76	2.178408491656e-8
recursive-cycle-holdout-v1	recursive-weak-chain-depth-2-seed-802	recursive-weak-chain	baseline-symmetric-map	77	1.822606846858e-8
recursive-cycle-holdout-v1	recursive-weak-chain-depth-2-seed-802	recursive-weak-chain	baseline-symmetric-map	78	9.336746831908e-9
recursive-cycle-holdout-v1	recursive-weak-chain-depth-2-seed-802	recursive-weak-chain	baseline-symmetric-map	79	7.716742188097e-9
recursive-cycle-holdout-v1	recursive-weak-chain-depth-2-seed-802	recursive-weak-chain	baseline-symmetric-map	80	3.486863185380e-8
recursive-cycle-holdout-v1	recursive-weak-chain-depth-2-seed-802	recursive-weak-chain	baseline-symmetric-map	81	6.133778133746e-9
recursive-cycle-holdout-v1	recursive-weak-chain-depth-2-seed-802	recursive-weak-chain	baseline-symmetric-map	82	3.834722108506e-9
recursive-cycle-holdout-v1	recursive-weak-chain-depth-2-seed-802	recursive-weak-chain	baseline-symmetric-map	83	3.460856353549e-9
recursive-cycle-holdout-v1	recursive-weak-chain-depth-2-seed-802	recursive-weak-chain	baseline-symmetric-map	84	2.955913917642e-9
recursive-cycle-holdout-v1	recursive-weak-chain-depth-2-seed-802	recursive-weak-chain	baseline-symmetric-map	85	2.709173023422e-9
recursive-cycle-holdout-v1	recursive-weak-chain-depth-2-seed-802	recursive-weak-chain	baseline-symmetric-map	86	6.752912405295e-9
recursive-cycle-holdout-v1	recursive-weak-chain-depth-2-seed-802	recursive-weak-chain	baseline-symmetric-map	87	1.865160618343e-9
recursive-cycle-holdout-v1	recursive-weak-chain-depth-2-seed-802	recursive-weak-chain	baseline-symmetric-map	88	1.482665176444e-9
recursive-cycle-holdout-v1	recursive-weak-chain-depth-2-seed-802	recursive-weak-chain	baseline-symmetric-map	89	1.533133154140e-9
recursive-cycle-holdout-v1	recursive-weak-chain-depth-2-seed-802	recursive-weak-chain	baseline-symmetric-map	90	8.019332734681e-10
recursive-cycle-holdout-v1	recursive-weak-chain-depth-2-seed-802	recursive-weak-chain	baseline-symmetric-map	91	4.789643474749e-10
recursive-cycle-holdout-v1	recursive-weak-chain-depth-2-seed-802	recursive-weak-chain	baseline-symmetric-map	92	1.136457115775e-9
recursive-cycle-holdout-v1	recursive-weak-chain-depth-2-seed-802	recursive-weak-chain	baseline-symmetric-map	93	1.931270135484e-10
recursive-cycle-holdout-v1	recursive-weak-chain-depth-2-seed-802	recursive-weak-chain	baseline-symmetric-map	94	2.213408033358e-11
recursive-cycle-holdout-v1	recursive-weak-chain-depth-2-seed-802	recursive-weak-chain	oracle-map-hierarchy	0	1.000000000000e0
recursive-cycle-holdout-v1	recursive-weak-chain-depth-2-seed-802	recursive-weak-chain	oracle-map-hierarchy	1	3.426856398835e-3
recursive-cycle-holdout-v1	recursive-weak-chain-depth-2-seed-802	recursive-weak-chain	oracle-map-hierarchy	2	1.462980134436e-3
recursive-cycle-holdout-v1	recursive-weak-chain-depth-2-seed-802	recursive-weak-chain	oracle-map-hierarchy	3	8.864810771586e-4
recursive-cycle-holdout-v1	recursive-weak-chain-depth-2-seed-802	recursive-weak-chain	oracle-map-hierarchy	4	5.960363183904e-4
recursive-cycle-holdout-v1	recursive-weak-chain-depth-2-seed-802	recursive-weak-chain	oracle-map-hierarchy	5	4.349037719637e-4
recursive-cycle-holdout-v1	recursive-weak-chain-depth-2-seed-802	recursive-weak-chain	oracle-map-hierarchy	6	3.006341673860e-4
recursive-cycle-holdout-v1	recursive-weak-chain-depth-2-seed-802	recursive-weak-chain	oracle-map-hierarchy	7	2.211418770497e-4
recursive-cycle-holdout-v1	recursive-weak-chain-depth-2-seed-802	recursive-weak-chain	oracle-map-hierarchy	8	1.557184708529e-4
recursive-cycle-holdout-v1	recursive-weak-chain-depth-2-seed-802	recursive-weak-chain	oracle-map-hierarchy	9	1.518313362774e-4
recursive-cycle-holdout-v1	recursive-weak-chain-depth-2-seed-802	recursive-weak-chain	oracle-map-hierarchy	10	1.357862015954e-4
recursive-cycle-holdout-v1	recursive-weak-chain-depth-2-seed-802	recursive-weak-chain	oracle-map-hierarchy	11	1.234372760894e-4
recursive-cycle-holdout-v1	recursive-weak-chain-depth-2-seed-802	recursive-weak-chain	oracle-map-hierarchy	12	9.076007392941e-5
recursive-cycle-holdout-v1	recursive-weak-chain-depth-2-seed-802	recursive-weak-chain	oracle-map-hierarchy	13	7.952973927171e-5
recursive-cycle-holdout-v1	recursive-weak-chain-depth-2-seed-802	recursive-weak-chain	oracle-map-hierarchy	14	6.302741873663e-5
recursive-cycle-holdout-v1	recursive-weak-chain-depth-2-seed-802	recursive-weak-chain	oracle-map-hierarchy	15	5.734596523962e-5
recursive-cycle-holdout-v1	recursive-weak-chain-depth-2-seed-802	recursive-weak-chain	oracle-map-hierarchy	16	4.358558087582e-5
recursive-cycle-holdout-v1	recursive-weak-chain-depth-2-seed-802	recursive-weak-chain	oracle-map-hierarchy	17	3.726765388491e-5
recursive-cycle-holdout-v1	recursive-weak-chain-depth-2-seed-802	recursive-weak-chain	oracle-map-hierarchy	18	3.342585209048e-5
recursive-cycle-holdout-v1	recursive-weak-chain-depth-2-seed-802	recursive-weak-chain	oracle-map-hierarchy	19	2.860400164955e-5
recursive-cycle-holdout-v1	recursive-weak-chain-depth-2-seed-802	recursive-weak-chain	oracle-map-hierarchy	20	2.643769396730e-5
recursive-cycle-holdout-v1	recursive-weak-chain-depth-2-seed-802	recursive-weak-chain	oracle-map-hierarchy	21	2.584346070018e-5
recursive-cycle-holdout-v1	recursive-weak-chain-depth-2-seed-802	recursive-weak-chain	oracle-map-hierarchy	22	2.262222857826e-5
recursive-cycle-holdout-v1	recursive-weak-chain-depth-2-seed-802	recursive-weak-chain	oracle-map-hierarchy	23	2.553865078533e-5
recursive-cycle-holdout-v1	recursive-weak-chain-depth-2-seed-802	recursive-weak-chain	oracle-map-hierarchy	24	2.232853834392e-5
recursive-cycle-holdout-v1	recursive-weak-chain-depth-2-seed-802	recursive-weak-chain	oracle-map-hierarchy	25	2.170482274984e-5
recursive-cycle-holdout-v1	recursive-weak-chain-depth-2-seed-802	recursive-weak-chain	oracle-map-hierarchy	26	2.387522101584e-5
recursive-cycle-holdout-v1	recursive-weak-chain-depth-2-seed-802	recursive-weak-chain	oracle-map-hierarchy	27	1.865116289692e-5
recursive-cycle-holdout-v1	recursive-weak-chain-depth-2-seed-802	recursive-weak-chain	oracle-map-hierarchy	28	1.656378712716e-5
recursive-cycle-holdout-v1	recursive-weak-chain-depth-2-seed-802	recursive-weak-chain	oracle-map-hierarchy	29	1.576421841673e-5
recursive-cycle-holdout-v1	recursive-weak-chain-depth-2-seed-802	recursive-weak-chain	oracle-map-hierarchy	30	2.049120694094e-5
recursive-cycle-holdout-v1	recursive-weak-chain-depth-2-seed-802	recursive-weak-chain	oracle-map-hierarchy	31	1.859464626718e-5
recursive-cycle-holdout-v1	recursive-weak-chain-depth-2-seed-802	recursive-weak-chain	oracle-map-hierarchy	32	1.390487844927e-5
recursive-cycle-holdout-v1	recursive-weak-chain-depth-2-seed-802	recursive-weak-chain	oracle-map-hierarchy	33	1.100450471738e-5
recursive-cycle-holdout-v1	recursive-weak-chain-depth-2-seed-802	recursive-weak-chain	oracle-map-hierarchy	34	9.720656529279e-6
recursive-cycle-holdout-v1	recursive-weak-chain-depth-2-seed-802	recursive-weak-chain	oracle-map-hierarchy	35	1.312026118344e-5
recursive-cycle-holdout-v1	recursive-weak-chain-depth-2-seed-802	recursive-weak-chain	oracle-map-hierarchy	36	1.306600604630e-5
recursive-cycle-holdout-v1	recursive-weak-chain-depth-2-seed-802	recursive-weak-chain	oracle-map-hierarchy	37	1.417071933812e-5
recursive-cycle-holdout-v1	recursive-weak-chain-depth-2-seed-802	recursive-weak-chain	oracle-map-hierarchy	38	1.459699585849e-5
recursive-cycle-holdout-v1	recursive-weak-chain-depth-2-seed-802	recursive-weak-chain	oracle-map-hierarchy	39	9.203284471892e-6
recursive-cycle-holdout-v1	recursive-weak-chain-depth-2-seed-802	recursive-weak-chain	oracle-map-hierarchy	40	7.447056638715e-6
recursive-cycle-holdout-v1	recursive-weak-chain-depth-2-seed-802	recursive-weak-chain	oracle-map-hierarchy	41	7.369044156553e-6
recursive-cycle-holdout-v1	recursive-weak-chain-depth-2-seed-802	recursive-weak-chain	oracle-map-hierarchy	42	4.880693403046e-6
recursive-cycle-holdout-v1	recursive-weak-chain-depth-2-seed-802	recursive-weak-chain	oracle-map-hierarchy	43	5.136341761412e-6
recursive-cycle-holdout-v1	recursive-weak-chain-depth-2-seed-802	recursive-weak-chain	oracle-map-hierarchy	44	4.641465540715e-6
recursive-cycle-holdout-v1	recursive-weak-chain-depth-2-seed-802	recursive-weak-chain	oracle-map-hierarchy	45	4.406831517292e-6
recursive-cycle-holdout-v1	recursive-weak-chain-depth-2-seed-802	recursive-weak-chain	oracle-map-hierarchy	46	4.723028189634e-6
recursive-cycle-holdout-v1	recursive-weak-chain-depth-2-seed-802	recursive-weak-chain	oracle-map-hierarchy	47	3.279258202381e-6
recursive-cycle-holdout-v1	recursive-weak-chain-depth-2-seed-802	recursive-weak-chain	oracle-map-hierarchy	48	2.992559541016e-6
recursive-cycle-holdout-v1	recursive-weak-chain-depth-2-seed-802	recursive-weak-chain	oracle-map-hierarchy	49	2.940639054880e-6
recursive-cycle-holdout-v1	recursive-weak-chain-depth-2-seed-802	recursive-weak-chain	oracle-map-hierarchy	50	2.271570587316e-6
recursive-cycle-holdout-v1	recursive-weak-chain-depth-2-seed-802	recursive-weak-chain	oracle-map-hierarchy	51	2.582797269970e-6
recursive-cycle-holdout-v1	recursive-weak-chain-depth-2-seed-802	recursive-weak-chain	oracle-map-hierarchy	52	2.402514172609e-6
recursive-cycle-holdout-v1	recursive-weak-chain-depth-2-seed-802	recursive-weak-chain	oracle-map-hierarchy	53	2.308285236475e-6
recursive-cycle-holdout-v1	recursive-weak-chain-depth-2-seed-802	recursive-weak-chain	oracle-map-hierarchy	54	2.210121789659e-6
recursive-cycle-holdout-v1	recursive-weak-chain-depth-2-seed-802	recursive-weak-chain	oracle-map-hierarchy	55	1.967233610530e-6
recursive-cycle-holdout-v1	recursive-weak-chain-depth-2-seed-802	recursive-weak-chain	oracle-map-hierarchy	56	9.115325948069e-7
recursive-cycle-holdout-v1	recursive-weak-chain-depth-2-seed-802	recursive-weak-chain	oracle-map-hierarchy	57	9.257640793082e-7
recursive-cycle-holdout-v1	recursive-weak-chain-depth-2-seed-802	recursive-weak-chain	oracle-map-hierarchy	58	5.753833385571e-7
recursive-cycle-holdout-v1	recursive-weak-chain-depth-2-seed-802	recursive-weak-chain	oracle-map-hierarchy	59	4.644533443875e-7
recursive-cycle-holdout-v1	recursive-weak-chain-depth-2-seed-802	recursive-weak-chain	oracle-map-hierarchy	60	3.005315954785e-7
recursive-cycle-holdout-v1	recursive-weak-chain-depth-2-seed-802	recursive-weak-chain	oracle-map-hierarchy	61	2.879618997543e-7
recursive-cycle-holdout-v1	recursive-weak-chain-depth-2-seed-802	recursive-weak-chain	oracle-map-hierarchy	62	3.720465795729e-7
recursive-cycle-holdout-v1	recursive-weak-chain-depth-2-seed-802	recursive-weak-chain	oracle-map-hierarchy	63	2.602918514661e-7
recursive-cycle-holdout-v1	recursive-weak-chain-depth-2-seed-802	recursive-weak-chain	oracle-map-hierarchy	64	1.246907815855e-7
recursive-cycle-holdout-v1	recursive-weak-chain-depth-2-seed-802	recursive-weak-chain	oracle-map-hierarchy	65	1.212037948111e-7
recursive-cycle-holdout-v1	recursive-weak-chain-depth-2-seed-802	recursive-weak-chain	oracle-map-hierarchy	66	1.197249952846e-7
recursive-cycle-holdout-v1	recursive-weak-chain-depth-2-seed-802	recursive-weak-chain	oracle-map-hierarchy	67	9.527714412247e-8
recursive-cycle-holdout-v1	recursive-weak-chain-depth-2-seed-802	recursive-weak-chain	oracle-map-hierarchy	68	1.098071059306e-7
recursive-cycle-holdout-v1	recursive-weak-chain-depth-2-seed-802	recursive-weak-chain	oracle-map-hierarchy	69	7.727111367675e-8
recursive-cycle-holdout-v1	recursive-weak-chain-depth-2-seed-802	recursive-weak-chain	oracle-map-hierarchy	70	1.220863396098e-7
recursive-cycle-holdout-v1	recursive-weak-chain-depth-2-seed-802	recursive-weak-chain	oracle-map-hierarchy	71	4.439401526565e-8
recursive-cycle-holdout-v1	recursive-weak-chain-depth-2-seed-802	recursive-weak-chain	oracle-map-hierarchy	72	3.696205349211e-8
recursive-cycle-holdout-v1	recursive-weak-chain-depth-2-seed-802	recursive-weak-chain	oracle-map-hierarchy	73	1.284984653952e-8
recursive-cycle-holdout-v1	recursive-weak-chain-depth-2-seed-802	recursive-weak-chain	oracle-map-hierarchy	74	9.081454063390e-9
recursive-cycle-holdout-v1	recursive-weak-chain-depth-2-seed-802	recursive-weak-chain	oracle-map-hierarchy	75	2.563343989344e-9
recursive-cycle-holdout-v1	recursive-weak-chain-depth-2-seed-802	recursive-weak-chain	oracle-map-hierarchy	76	2.804844400137e-9
recursive-cycle-holdout-v1	recursive-weak-chain-depth-2-seed-802	recursive-weak-chain	oracle-map-hierarchy	77	3.079472132820e-9
recursive-cycle-holdout-v1	recursive-weak-chain-depth-2-seed-802	recursive-weak-chain	oracle-map-hierarchy	78	8.980969590324e-10
recursive-cycle-holdout-v1	recursive-weak-chain-depth-2-seed-802	recursive-weak-chain	oracle-map-hierarchy	79	6.052082587565e-10
recursive-cycle-holdout-v1	recursive-weak-chain-depth-2-seed-802	recursive-weak-chain	oracle-map-hierarchy	80	3.480143443966e-10
recursive-cycle-holdout-v1	recursive-weak-chain-depth-2-seed-802	recursive-weak-chain	oracle-map-hierarchy	81	1.824715727831e-10
recursive-cycle-holdout-v1	recursive-weak-chain-depth-2-seed-802	recursive-weak-chain	oracle-map-hierarchy	82	2.128620144677e-10
recursive-cycle-holdout-v1	recursive-weak-chain-depth-2-seed-802	recursive-weak-chain	oracle-map-hierarchy	83	1.851105929281e-11
recursive-cycle-holdout-v1	recursive-weak-chain-depth-2-seed-802	recursive-weak-chain	recursive-one-shot	0	1.000000000000e0
recursive-cycle-holdout-v1	recursive-weak-chain-depth-2-seed-802	recursive-weak-chain	recursive-one-shot	1	5.103314872600e-3
recursive-cycle-holdout-v1	recursive-weak-chain-depth-2-seed-802	recursive-weak-chain	recursive-one-shot	2	2.872317153245e-3
recursive-cycle-holdout-v1	recursive-weak-chain-depth-2-seed-802	recursive-weak-chain	recursive-one-shot	3	1.744246273128e-3
recursive-cycle-holdout-v1	recursive-weak-chain-depth-2-seed-802	recursive-weak-chain	recursive-one-shot	4	1.503265110468e-3
recursive-cycle-holdout-v1	recursive-weak-chain-depth-2-seed-802	recursive-weak-chain	recursive-one-shot	5	9.820966326908e-4
recursive-cycle-holdout-v1	recursive-weak-chain-depth-2-seed-802	recursive-weak-chain	recursive-one-shot	6	4.756940620671e-4
recursive-cycle-holdout-v1	recursive-weak-chain-depth-2-seed-802	recursive-weak-chain	recursive-one-shot	7	4.213212401594e-4
recursive-cycle-holdout-v1	recursive-weak-chain-depth-2-seed-802	recursive-weak-chain	recursive-one-shot	8	3.320508121812e-4
recursive-cycle-holdout-v1	recursive-weak-chain-depth-2-seed-802	recursive-weak-chain	recursive-one-shot	9	1.630221643868e-4
recursive-cycle-holdout-v1	recursive-weak-chain-depth-2-seed-802	recursive-weak-chain	recursive-one-shot	10	1.422964849452e-4
recursive-cycle-holdout-v1	recursive-weak-chain-depth-2-seed-802	recursive-weak-chain	recursive-one-shot	11	8.537566129349e-5
recursive-cycle-holdout-v1	recursive-weak-chain-depth-2-seed-802	recursive-weak-chain	recursive-one-shot	12	4.332123332787e-5
recursive-cycle-holdout-v1	recursive-weak-chain-depth-2-seed-802	recursive-weak-chain	recursive-one-shot	13	3.991960680821e-5
recursive-cycle-holdout-v1	recursive-weak-chain-depth-2-seed-802	recursive-weak-chain	recursive-one-shot	14	3.127572514383e-5
recursive-cycle-holdout-v1	recursive-weak-chain-depth-2-seed-802	recursive-weak-chain	recursive-one-shot	15	3.715464878685e-5
recursive-cycle-holdout-v1	recursive-weak-chain-depth-2-seed-802	recursive-weak-chain	recursive-one-shot	16	3.957390649434e-5
recursive-cycle-holdout-v1	recursive-weak-chain-depth-2-seed-802	recursive-weak-chain	recursive-one-shot	17	4.002184281632e-5
recursive-cycle-holdout-v1	recursive-weak-chain-depth-2-seed-802	recursive-weak-chain	recursive-one-shot	18	3.207593612838e-5
recursive-cycle-holdout-v1	recursive-weak-chain-depth-2-seed-802	recursive-weak-chain	recursive-one-shot	19	2.626136306609e-5
recursive-cycle-holdout-v1	recursive-weak-chain-depth-2-seed-802	recursive-weak-chain	recursive-one-shot	20	2.417977463866e-5
recursive-cycle-holdout-v1	recursive-weak-chain-depth-2-seed-802	recursive-weak-chain	recursive-one-shot	21	1.997810521360e-5
recursive-cycle-holdout-v1	recursive-weak-chain-depth-2-seed-802	recursive-weak-chain	recursive-one-shot	22	1.826327878150e-5
recursive-cycle-holdout-v1	recursive-weak-chain-depth-2-seed-802	recursive-weak-chain	recursive-one-shot	23	2.283706893540e-5
recursive-cycle-holdout-v1	recursive-weak-chain-depth-2-seed-802	recursive-weak-chain	recursive-one-shot	24	2.231904100086e-5
recursive-cycle-holdout-v1	recursive-weak-chain-depth-2-seed-802	recursive-weak-chain	recursive-one-shot	25	1.814661764559e-5
recursive-cycle-holdout-v1	recursive-weak-chain-depth-2-seed-802	recursive-weak-chain	recursive-one-shot	26	1.637416051915e-5
recursive-cycle-holdout-v1	recursive-weak-chain-depth-2-seed-802	recursive-weak-chain	recursive-one-shot	27	1.254076351186e-5
recursive-cycle-holdout-v1	recursive-weak-chain-depth-2-seed-802	recursive-weak-chain	recursive-one-shot	28	7.519939282288e-6
recursive-cycle-holdout-v1	recursive-weak-chain-depth-2-seed-802	recursive-weak-chain	recursive-one-shot	29	7.585001108088e-6
recursive-cycle-holdout-v1	recursive-weak-chain-depth-2-seed-802	recursive-weak-chain	recursive-one-shot	30	6.869305746438e-6
recursive-cycle-holdout-v1	recursive-weak-chain-depth-2-seed-802	recursive-weak-chain	recursive-one-shot	31	8.437029722992e-6
recursive-cycle-holdout-v1	recursive-weak-chain-depth-2-seed-802	recursive-weak-chain	recursive-one-shot	32	8.254252389246e-6
recursive-cycle-holdout-v1	recursive-weak-chain-depth-2-seed-802	recursive-weak-chain	recursive-one-shot	33	5.371990552311e-6
recursive-cycle-holdout-v1	recursive-weak-chain-depth-2-seed-802	recursive-weak-chain	recursive-one-shot	34	4.082537398637e-6
recursive-cycle-holdout-v1	recursive-weak-chain-depth-2-seed-802	recursive-weak-chain	recursive-one-shot	35	3.435798122000e-6
recursive-cycle-holdout-v1	recursive-weak-chain-depth-2-seed-802	recursive-weak-chain	recursive-one-shot	36	3.737952543316e-6
recursive-cycle-holdout-v1	recursive-weak-chain-depth-2-seed-802	recursive-weak-chain	recursive-one-shot	37	3.857007840360e-6
recursive-cycle-holdout-v1	recursive-weak-chain-depth-2-seed-802	recursive-weak-chain	recursive-one-shot	38	3.792994944136e-6
recursive-cycle-holdout-v1	recursive-weak-chain-depth-2-seed-802	recursive-weak-chain	recursive-one-shot	39	2.861961215856e-6
recursive-cycle-holdout-v1	recursive-weak-chain-depth-2-seed-802	recursive-weak-chain	recursive-one-shot	40	1.762274794766e-6
recursive-cycle-holdout-v1	recursive-weak-chain-depth-2-seed-802	recursive-weak-chain	recursive-one-shot	41	9.108653120798e-7
recursive-cycle-holdout-v1	recursive-weak-chain-depth-2-seed-802	recursive-weak-chain	recursive-one-shot	42	5.642290031169e-7
recursive-cycle-holdout-v1	recursive-weak-chain-depth-2-seed-802	recursive-weak-chain	recursive-one-shot	43	5.027637853760e-7
recursive-cycle-holdout-v1	recursive-weak-chain-depth-2-seed-802	recursive-weak-chain	recursive-one-shot	44	1.608970591435e-7
recursive-cycle-holdout-v1	recursive-weak-chain-depth-2-seed-802	recursive-weak-chain	recursive-one-shot	45	7.767702162112e-8
recursive-cycle-holdout-v1	recursive-weak-chain-depth-2-seed-802	recursive-weak-chain	recursive-one-shot	46	5.547753478859e-8
recursive-cycle-holdout-v1	recursive-weak-chain-depth-2-seed-802	recursive-weak-chain	recursive-one-shot	47	3.909113860145e-8
recursive-cycle-holdout-v1	recursive-weak-chain-depth-2-seed-802	recursive-weak-chain	recursive-one-shot	48	1.913314557770e-8
recursive-cycle-holdout-v1	recursive-weak-chain-depth-2-seed-802	recursive-weak-chain	recursive-one-shot	49	1.156036110324e-8
recursive-cycle-holdout-v1	recursive-weak-chain-depth-2-seed-802	recursive-weak-chain	recursive-one-shot	50	5.604433292937e-9
recursive-cycle-holdout-v1	recursive-weak-chain-depth-2-seed-802	recursive-weak-chain	recursive-one-shot	51	1.258295043782e-9
recursive-cycle-holdout-v1	recursive-weak-chain-depth-2-seed-802	recursive-weak-chain	recursive-one-shot	52	9.535155312368e-10
recursive-cycle-holdout-v1	recursive-weak-chain-depth-2-seed-802	recursive-weak-chain	recursive-one-shot	53	4.553998491164e-10
recursive-cycle-holdout-v1	recursive-weak-chain-depth-2-seed-802	recursive-weak-chain	recursive-one-shot	54	1.977387353614e-10
recursive-cycle-holdout-v1	recursive-weak-chain-depth-2-seed-802	recursive-weak-chain	recursive-one-shot	55	1.371034639473e-10
recursive-cycle-holdout-v1	recursive-weak-chain-depth-2-seed-802	recursive-weak-chain	recursive-one-shot	56	5.980419788095e-11
recursive-cycle-holdout-v1	recursive-weak-chain-depth-3-seed-803	recursive-weak-chain	baseline-symmetric-map	0	1.000000000000e0
recursive-cycle-holdout-v1	recursive-weak-chain-depth-3-seed-803	recursive-weak-chain	baseline-symmetric-map	1	1.786221192690e-2
recursive-cycle-holdout-v1	recursive-weak-chain-depth-3-seed-803	recursive-weak-chain	baseline-symmetric-map	2	1.178637670151e-2
recursive-cycle-holdout-v1	recursive-weak-chain-depth-3-seed-803	recursive-weak-chain	baseline-symmetric-map	3	8.318714283884e-3
recursive-cycle-holdout-v1	recursive-weak-chain-depth-3-seed-803	recursive-weak-chain	baseline-symmetric-map	4	6.305766668463e-3
recursive-cycle-holdout-v1	recursive-weak-chain-depth-3-seed-803	recursive-weak-chain	baseline-symmetric-map	5	4.432698211368e-3
recursive-cycle-holdout-v1	recursive-weak-chain-depth-3-seed-803	recursive-weak-chain	baseline-symmetric-map	6	2.931714443822e-3
recursive-cycle-holdout-v1	recursive-weak-chain-depth-3-seed-803	recursive-weak-chain	baseline-symmetric-map	7	2.029224899567e-3
recursive-cycle-holdout-v1	recursive-weak-chain-depth-3-seed-803	recursive-weak-chain	baseline-symmetric-map	8	1.512325898310e-3
recursive-cycle-holdout-v1	recursive-weak-chain-depth-3-seed-803	recursive-weak-chain	baseline-symmetric-map	9	1.098341777780e-3
recursive-cycle-holdout-v1	recursive-weak-chain-depth-3-seed-803	recursive-weak-chain	baseline-symmetric-map	10	9.669513621672e-4
recursive-cycle-holdout-v1	recursive-weak-chain-depth-3-seed-803	recursive-weak-chain	baseline-symmetric-map	11	9.156369085805e-4
recursive-cycle-holdout-v1	recursive-weak-chain-depth-3-seed-803	recursive-weak-chain	baseline-symmetric-map	12	1.375816163836e-3
recursive-cycle-holdout-v1	recursive-weak-chain-depth-3-seed-803	recursive-weak-chain	baseline-symmetric-map	13	1.795557062682e-3
recursive-cycle-holdout-v1	recursive-weak-chain-depth-3-seed-803	recursive-weak-chain	baseline-symmetric-map	14	7.320497423958e-4
recursive-cycle-holdout-v1	recursive-weak-chain-depth-3-seed-803	recursive-weak-chain	baseline-symmetric-map	15	6.529414396896e-4
recursive-cycle-holdout-v1	recursive-weak-chain-depth-3-seed-803	recursive-weak-chain	baseline-symmetric-map	16	5.859348065131e-4
recursive-cycle-holdout-v1	recursive-weak-chain-depth-3-seed-803	recursive-weak-chain	baseline-symmetric-map	17	5.698723748325e-4
recursive-cycle-holdout-v1	recursive-weak-chain-depth-3-seed-803	recursive-weak-chain	baseline-symmetric-map	18	5.316994517669e-4
recursive-cycle-holdout-v1	recursive-weak-chain-depth-3-seed-803	recursive-weak-chain	baseline-symmetric-map	19	4.668178003891e-4
recursive-cycle-holdout-v1	recursive-weak-chain-depth-3-seed-803	recursive-weak-chain	baseline-symmetric-map	20	4.274077952916e-4
recursive-cycle-holdout-v1	recursive-weak-chain-depth-3-seed-803	recursive-weak-chain	baseline-symmetric-map	21	3.642835485732e-4
recursive-cycle-holdout-v1	recursive-weak-chain-depth-3-seed-803	recursive-weak-chain	baseline-symmetric-map	22	2.940888025368e-4
recursive-cycle-holdout-v1	recursive-weak-chain-depth-3-seed-803	recursive-weak-chain	baseline-symmetric-map	23	6.845769892752e-4
recursive-cycle-holdout-v1	recursive-weak-chain-depth-3-seed-803	recursive-weak-chain	baseline-symmetric-map	24	2.919259602261e-4
recursive-cycle-holdout-v1	recursive-weak-chain-depth-3-seed-803	recursive-weak-chain	baseline-symmetric-map	25	1.778144170093e-4
recursive-cycle-holdout-v1	recursive-weak-chain-depth-3-seed-803	recursive-weak-chain	baseline-symmetric-map	26	1.380076469031e-4
recursive-cycle-holdout-v1	recursive-weak-chain-depth-3-seed-803	recursive-weak-chain	baseline-symmetric-map	27	1.113873884585e-4
recursive-cycle-holdout-v1	recursive-weak-chain-depth-3-seed-803	recursive-weak-chain	baseline-symmetric-map	28	8.598354688410e-5
recursive-cycle-holdout-v1	recursive-weak-chain-depth-3-seed-803	recursive-weak-chain	baseline-symmetric-map	29	7.581297239982e-5
recursive-cycle-holdout-v1	recursive-weak-chain-depth-3-seed-803	recursive-weak-chain	baseline-symmetric-map	30	6.082773168517e-5
recursive-cycle-holdout-v1	recursive-weak-chain-depth-3-seed-803	recursive-weak-chain	baseline-symmetric-map	31	5.315616993845e-5
recursive-cycle-holdout-v1	recursive-weak-chain-depth-3-seed-803	recursive-weak-chain	baseline-symmetric-map	32	4.139988155610e-5
recursive-cycle-holdout-v1	recursive-weak-chain-depth-3-seed-803	recursive-weak-chain	baseline-symmetric-map	33	1.716957033001e-4
recursive-cycle-holdout-v1	recursive-weak-chain-depth-3-seed-803	recursive-weak-chain	baseline-symmetric-map	34	3.843171635040e-5
recursive-cycle-holdout-v1	recursive-weak-chain-depth-3-seed-803	recursive-weak-chain	baseline-symmetric-map	35	2.853952387051e-5
recursive-cycle-holdout-v1	recursive-weak-chain-depth-3-seed-803	recursive-weak-chain	baseline-symmetric-map	36	1.958730086224e-5
recursive-cycle-holdout-v1	recursive-weak-chain-depth-3-seed-803	recursive-weak-chain	baseline-symmetric-map	37	1.643858034146e-5
recursive-cycle-holdout-v1	recursive-weak-chain-depth-3-seed-803	recursive-weak-chain	baseline-symmetric-map	38	1.230994791281e-5
recursive-cycle-holdout-v1	recursive-weak-chain-depth-3-seed-803	recursive-weak-chain	baseline-symmetric-map	39	1.317704209238e-5
recursive-cycle-holdout-v1	recursive-weak-chain-depth-3-seed-803	recursive-weak-chain	baseline-symmetric-map	40	1.421622787947e-5
recursive-cycle-holdout-v1	recursive-weak-chain-depth-3-seed-803	recursive-weak-chain	baseline-symmetric-map	41	1.337219086133e-5
recursive-cycle-holdout-v1	recursive-weak-chain-depth-3-seed-803	recursive-weak-chain	baseline-symmetric-map	42	2.995320877691e-5
recursive-cycle-holdout-v1	recursive-weak-chain-depth-3-seed-803	recursive-weak-chain	baseline-symmetric-map	43	3.365570590518e-5
recursive-cycle-holdout-v1	recursive-weak-chain-depth-3-seed-803	recursive-weak-chain	baseline-symmetric-map	44	1.645868978936e-5
recursive-cycle-holdout-v1	recursive-weak-chain-depth-3-seed-803	recursive-weak-chain	baseline-symmetric-map	45	1.595402336289e-5
recursive-cycle-holdout-v1	recursive-weak-chain-depth-3-seed-803	recursive-weak-chain	baseline-symmetric-map	46	1.577500455094e-5
recursive-cycle-holdout-v1	recursive-weak-chain-depth-3-seed-803	recursive-weak-chain	baseline-symmetric-map	47	1.561089639496e-5
recursive-cycle-holdout-v1	recursive-weak-chain-depth-3-seed-803	recursive-weak-chain	baseline-symmetric-map	48	1.449084187249e-5
recursive-cycle-holdout-v1	recursive-weak-chain-depth-3-seed-803	recursive-weak-chain	baseline-symmetric-map	49	1.250361388452e-5
recursive-cycle-holdout-v1	recursive-weak-chain-depth-3-seed-803	recursive-weak-chain	baseline-symmetric-map	50	1.139701391872e-5
recursive-cycle-holdout-v1	recursive-weak-chain-depth-3-seed-803	recursive-weak-chain	baseline-symmetric-map	51	3.741708910274e-5
recursive-cycle-holdout-v1	recursive-weak-chain-depth-3-seed-803	recursive-weak-chain	baseline-symmetric-map	52	1.903684319337e-5
recursive-cycle-holdout-v1	recursive-weak-chain-depth-3-seed-803	recursive-weak-chain	baseline-symmetric-map	53	1.228339878162e-5
recursive-cycle-holdout-v1	recursive-weak-chain-depth-3-seed-803	recursive-weak-chain	baseline-symmetric-map	54	8.462645770376e-6
recursive-cycle-holdout-v1	recursive-weak-chain-depth-3-seed-803	recursive-weak-chain	baseline-symmetric-map	55	8.512641113162e-6
recursive-cycle-holdout-v1	recursive-weak-chain-depth-3-seed-803	recursive-weak-chain	baseline-symmetric-map	56	7.105458293683e-6
recursive-cycle-holdout-v1	recursive-weak-chain-depth-3-seed-803	recursive-weak-chain	baseline-symmetric-map	57	5.876347506249e-6
recursive-cycle-holdout-v1	recursive-weak-chain-depth-3-seed-803	recursive-weak-chain	baseline-symmetric-map	58	6.115998168496e-6
recursive-cycle-holdout-v1	recursive-weak-chain-depth-3-seed-803	recursive-weak-chain	baseline-symmetric-map	59	5.341160935363e-6
recursive-cycle-holdout-v1	recursive-weak-chain-depth-3-seed-803	recursive-weak-chain	baseline-symmetric-map	60	1.298771878497e-5
recursive-cycle-holdout-v1	recursive-weak-chain-depth-3-seed-803	recursive-weak-chain	baseline-symmetric-map	61	6.662536759895e-6
recursive-cycle-holdout-v1	recursive-weak-chain-depth-3-seed-803	recursive-weak-chain	baseline-symmetric-map	62	3.612037327379e-6
recursive-cycle-holdout-v1	recursive-weak-chain-depth-3-seed-803	recursive-weak-chain	baseline-symmetric-map	63	3.149780765488e-6
recursive-cycle-holdout-v1	recursive-weak-chain-depth-3-seed-803	recursive-weak-chain	baseline-symmetric-map	64	2.645448906890e-6
recursive-cycle-holdout-v1	recursive-weak-chain-depth-3-seed-803	recursive-weak-chain	baseline-symmetric-map	65	2.651952708079e-6
recursive-cycle-holdout-v1	recursive-weak-chain-depth-3-seed-803	recursive-weak-chain	baseline-symmetric-map	66	2.218623483898e-6
recursive-cycle-holdout-v1	recursive-weak-chain-depth-3-seed-803	recursive-weak-chain	baseline-symmetric-map	67	2.466033495476e-6
recursive-cycle-holdout-v1	recursive-weak-chain-depth-3-seed-803	recursive-weak-chain	baseline-symmetric-map	68	2.183232363297e-6
recursive-cycle-holdout-v1	recursive-weak-chain-depth-3-seed-803	recursive-weak-chain	baseline-symmetric-map	69	8.354947328278e-6
recursive-cycle-holdout-v1	recursive-weak-chain-depth-3-seed-803	recursive-weak-chain	baseline-symmetric-map	70	1.929951745837e-6
recursive-cycle-holdout-v1	recursive-weak-chain-depth-3-seed-803	recursive-weak-chain	baseline-symmetric-map	71	1.391301925204e-6
recursive-cycle-holdout-v1	recursive-weak-chain-depth-3-seed-803	recursive-weak-chain	baseline-symmetric-map	72	1.117453189852e-6
recursive-cycle-holdout-v1	recursive-weak-chain-depth-3-seed-803	recursive-weak-chain	baseline-symmetric-map	73	1.028803885421e-6
recursive-cycle-holdout-v1	recursive-weak-chain-depth-3-seed-803	recursive-weak-chain	baseline-symmetric-map	74	7.344392424835e-7
recursive-cycle-holdout-v1	recursive-weak-chain-depth-3-seed-803	recursive-weak-chain	baseline-symmetric-map	75	5.651783527107e-7
recursive-cycle-holdout-v1	recursive-weak-chain-depth-3-seed-803	recursive-weak-chain	baseline-symmetric-map	76	4.290630729980e-7
recursive-cycle-holdout-v1	recursive-weak-chain-depth-3-seed-803	recursive-weak-chain	baseline-symmetric-map	77	1.875484449292e-6
recursive-cycle-holdout-v1	recursive-weak-chain-depth-3-seed-803	recursive-weak-chain	baseline-symmetric-map	78	3.909835054492e-7
recursive-cycle-holdout-v1	recursive-weak-chain-depth-3-seed-803	recursive-weak-chain	baseline-symmetric-map	79	3.615530436835e-7
recursive-cycle-holdout-v1	recursive-weak-chain-depth-3-seed-803	recursive-weak-chain	baseline-symmetric-map	80	2.997033824984e-7
recursive-cycle-holdout-v1	recursive-weak-chain-depth-3-seed-803	recursive-weak-chain	baseline-symmetric-map	81	2.574530999185e-7
recursive-cycle-holdout-v1	recursive-weak-chain-depth-3-seed-803	recursive-weak-chain	baseline-symmetric-map	82	2.092195004391e-7
recursive-cycle-holdout-v1	recursive-weak-chain-depth-3-seed-803	recursive-weak-chain	baseline-symmetric-map	83	1.989041443745e-7
recursive-cycle-holdout-v1	recursive-weak-chain-depth-3-seed-803	recursive-weak-chain	baseline-symmetric-map	84	1.894299451356e-7
recursive-cycle-holdout-v1	recursive-weak-chain-depth-3-seed-803	recursive-weak-chain	baseline-symmetric-map	85	7.279082461275e-7
recursive-cycle-holdout-v1	recursive-weak-chain-depth-3-seed-803	recursive-weak-chain	baseline-symmetric-map	86	1.470403283950e-7
recursive-cycle-holdout-v1	recursive-weak-chain-depth-3-seed-803	recursive-weak-chain	baseline-symmetric-map	87	1.069367802610e-7
recursive-cycle-holdout-v1	recursive-weak-chain-depth-3-seed-803	recursive-weak-chain	baseline-symmetric-map	88	1.067544828644e-7
recursive-cycle-holdout-v1	recursive-weak-chain-depth-3-seed-803	recursive-weak-chain	baseline-symmetric-map	89	9.534874018980e-8
recursive-cycle-holdout-v1	recursive-weak-chain-depth-3-seed-803	recursive-weak-chain	baseline-symmetric-map	90	8.280960164025e-8
recursive-cycle-holdout-v1	recursive-weak-chain-depth-3-seed-803	recursive-weak-chain	baseline-symmetric-map	91	5.517666360160e-8
recursive-cycle-holdout-v1	recursive-weak-chain-depth-3-seed-803	recursive-weak-chain	baseline-symmetric-map	92	7.022028780296e-8
recursive-cycle-holdout-v1	recursive-weak-chain-depth-3-seed-803	recursive-weak-chain	baseline-symmetric-map	93	1.958087125035e-7
recursive-cycle-holdout-v1	recursive-weak-chain-depth-3-seed-803	recursive-weak-chain	baseline-symmetric-map	94	6.694177810624e-8
recursive-cycle-holdout-v1	recursive-weak-chain-depth-3-seed-803	recursive-weak-chain	baseline-symmetric-map	95	6.122480897141e-8
recursive-cycle-holdout-v1	recursive-weak-chain-depth-3-seed-803	recursive-weak-chain	baseline-symmetric-map	96	6.333409228749e-8
recursive-cycle-holdout-v1	recursive-weak-chain-depth-3-seed-803	recursive-weak-chain	baseline-symmetric-map	97	6.364214222875e-8
recursive-cycle-holdout-v1	recursive-weak-chain-depth-3-seed-803	recursive-weak-chain	baseline-symmetric-map	98	6.158541187232e-8
recursive-cycle-holdout-v1	recursive-weak-chain-depth-3-seed-803	recursive-weak-chain	baseline-symmetric-map	99	6.006808882593e-8
recursive-cycle-holdout-v1	recursive-weak-chain-depth-3-seed-803	recursive-weak-chain	baseline-symmetric-map	100	8.057821676911e-8
recursive-cycle-holdout-v1	recursive-weak-chain-depth-3-seed-803	recursive-weak-chain	baseline-symmetric-map	101	1.397795208359e-7
recursive-cycle-holdout-v1	recursive-weak-chain-depth-3-seed-803	recursive-weak-chain	baseline-symmetric-map	102	5.007083585125e-8
recursive-cycle-holdout-v1	recursive-weak-chain-depth-3-seed-803	recursive-weak-chain	baseline-symmetric-map	103	5.907443702750e-8
recursive-cycle-holdout-v1	recursive-weak-chain-depth-3-seed-803	recursive-weak-chain	baseline-symmetric-map	104	5.868044529231e-8
recursive-cycle-holdout-v1	recursive-weak-chain-depth-3-seed-803	recursive-weak-chain	baseline-symmetric-map	105	5.554374317875e-8
recursive-cycle-holdout-v1	recursive-weak-chain-depth-3-seed-803	recursive-weak-chain	baseline-symmetric-map	106	4.986467255544e-8
recursive-cycle-holdout-v1	recursive-weak-chain-depth-3-seed-803	recursive-weak-chain	baseline-symmetric-map	107	4.489408175821e-8
recursive-cycle-holdout-v1	recursive-weak-chain-depth-3-seed-803	recursive-weak-chain	baseline-symmetric-map	108	1.039216587115e-7
recursive-cycle-holdout-v1	recursive-weak-chain-depth-3-seed-803	recursive-weak-chain	baseline-symmetric-map	109	3.913599784442e-8
recursive-cycle-holdout-v1	recursive-weak-chain-depth-3-seed-803	recursive-weak-chain	baseline-symmetric-map	110	3.182028857216e-8
recursive-cycle-holdout-v1	recursive-weak-chain-depth-3-seed-803	recursive-weak-chain	baseline-symmetric-map	111	2.789804807499e-8
recursive-cycle-holdout-v1	recursive-weak-chain-depth-3-seed-803	recursive-weak-chain	baseline-symmetric-map	112	2.197074365253e-8
recursive-cycle-holdout-v1	recursive-weak-chain-depth-3-seed-803	recursive-weak-chain	baseline-symmetric-map	113	1.559731272694e-8
recursive-cycle-holdout-v1	recursive-weak-chain-depth-3-seed-803	recursive-weak-chain	baseline-symmetric-map	114	1.415637127889e-8
recursive-cycle-holdout-v1	recursive-weak-chain-depth-3-seed-803	recursive-weak-chain	baseline-symmetric-map	115	1.971020848745e-8
recursive-cycle-holdout-v1	recursive-weak-chain-depth-3-seed-803	recursive-weak-chain	baseline-symmetric-map	116	8.495562772558e-9
recursive-cycle-holdout-v1	recursive-weak-chain-depth-3-seed-803	recursive-weak-chain	baseline-symmetric-map	117	6.636474441241e-9
recursive-cycle-holdout-v1	recursive-weak-chain-depth-3-seed-803	recursive-weak-chain	baseline-symmetric-map	118	5.367914076749e-9
recursive-cycle-holdout-v1	recursive-weak-chain-depth-3-seed-803	recursive-weak-chain	baseline-symmetric-map	119	5.387032730655e-9
recursive-cycle-holdout-v1	recursive-weak-chain-depth-3-seed-803	recursive-weak-chain	baseline-symmetric-map	120	4.323155232616e-9
recursive-cycle-holdout-v1	recursive-weak-chain-depth-3-seed-803	recursive-weak-chain	baseline-symmetric-map	121	1.559384136971e-8
recursive-cycle-holdout-v1	recursive-weak-chain-depth-3-seed-803	recursive-weak-chain	baseline-symmetric-map	122	6.244911748765e-9
recursive-cycle-holdout-v1	recursive-weak-chain-depth-3-seed-803	recursive-weak-chain	baseline-symmetric-map	123	3.685937959824e-9
recursive-cycle-holdout-v1	recursive-weak-chain-depth-3-seed-803	recursive-weak-chain	baseline-symmetric-map	124	3.856836111874e-9
recursive-cycle-holdout-v1	recursive-weak-chain-depth-3-seed-803	recursive-weak-chain	baseline-symmetric-map	125	2.402328353603e-9
recursive-cycle-holdout-v1	recursive-weak-chain-depth-3-seed-803	recursive-weak-chain	baseline-symmetric-map	126	1.879946679310e-9
recursive-cycle-holdout-v1	recursive-weak-chain-depth-3-seed-803	recursive-weak-chain	baseline-symmetric-map	127	1.461714111393e-9
recursive-cycle-holdout-v1	recursive-weak-chain-depth-3-seed-803	recursive-weak-chain	baseline-symmetric-map	128	6.243175079216e-9
recursive-cycle-holdout-v1	recursive-weak-chain-depth-3-seed-803	recursive-weak-chain	baseline-symmetric-map	129	1.250083799098e-9
recursive-cycle-holdout-v1	recursive-weak-chain-depth-3-seed-803	recursive-weak-chain	baseline-symmetric-map	130	9.426804010227e-10
recursive-cycle-holdout-v1	recursive-weak-chain-depth-3-seed-803	recursive-weak-chain	baseline-symmetric-map	131	8.371356316404e-10
recursive-cycle-holdout-v1	recursive-weak-chain-depth-3-seed-803	recursive-weak-chain	baseline-symmetric-map	132	6.665834459077e-10
recursive-cycle-holdout-v1	recursive-weak-chain-depth-3-seed-803	recursive-weak-chain	baseline-symmetric-map	133	4.803037279514e-10
recursive-cycle-holdout-v1	recursive-weak-chain-depth-3-seed-803	recursive-weak-chain	baseline-symmetric-map	134	1.688376614113e-9
recursive-cycle-holdout-v1	recursive-weak-chain-depth-3-seed-803	recursive-weak-chain	baseline-symmetric-map	135	4.168400774580e-10
recursive-cycle-holdout-v1	recursive-weak-chain-depth-3-seed-803	recursive-weak-chain	baseline-symmetric-map	136	2.317737648619e-10
recursive-cycle-holdout-v1	recursive-weak-chain-depth-3-seed-803	recursive-weak-chain	baseline-symmetric-map	137	1.994756953341e-10
recursive-cycle-holdout-v1	recursive-weak-chain-depth-3-seed-803	recursive-weak-chain	baseline-symmetric-map	138	1.456099799059e-10
recursive-cycle-holdout-v1	recursive-weak-chain-depth-3-seed-803	recursive-weak-chain	baseline-symmetric-map	139	1.249772479701e-10
recursive-cycle-holdout-v1	recursive-weak-chain-depth-3-seed-803	recursive-weak-chain	baseline-symmetric-map	140	3.031775003575e-10
recursive-cycle-holdout-v1	recursive-weak-chain-depth-3-seed-803	recursive-weak-chain	baseline-symmetric-map	141	1.251911482505e-10
recursive-cycle-holdout-v1	recursive-weak-chain-depth-3-seed-803	recursive-weak-chain	baseline-symmetric-map	142	9.522429875808e-11
recursive-cycle-holdout-v1	recursive-weak-chain-depth-3-seed-803	recursive-weak-chain	oracle-map-hierarchy	0	1.000000000000e0
recursive-cycle-holdout-v1	recursive-weak-chain-depth-3-seed-803	recursive-weak-chain	oracle-map-hierarchy	1	7.575793532605e-3
recursive-cycle-holdout-v1	recursive-weak-chain-depth-3-seed-803	recursive-weak-chain	oracle-map-hierarchy	2	3.939791379801e-3
recursive-cycle-holdout-v1	recursive-weak-chain-depth-3-seed-803	recursive-weak-chain	oracle-map-hierarchy	3	2.504537091450e-3
recursive-cycle-holdout-v1	recursive-weak-chain-depth-3-seed-803	recursive-weak-chain	oracle-map-hierarchy	4	1.729954170956e-3
recursive-cycle-holdout-v1	recursive-weak-chain-depth-3-seed-803	recursive-weak-chain	oracle-map-hierarchy	5	1.241377544405e-3
recursive-cycle-holdout-v1	recursive-weak-chain-depth-3-seed-803	recursive-weak-chain	oracle-map-hierarchy	6	9.945968846865e-4
recursive-cycle-holdout-v1	recursive-weak-chain-depth-3-seed-803	recursive-weak-chain	oracle-map-hierarchy	7	7.812964617231e-4
recursive-cycle-holdout-v1	recursive-weak-chain-depth-3-seed-803	recursive-weak-chain	oracle-map-hierarchy	8	6.195095732388e-4
recursive-cycle-holdout-v1	recursive-weak-chain-depth-3-seed-803	recursive-weak-chain	oracle-map-hierarchy	9	4.432486651564e-4
recursive-cycle-holdout-v1	recursive-weak-chain-depth-3-seed-803	recursive-weak-chain	oracle-map-hierarchy	10	3.920918126635e-4
recursive-cycle-holdout-v1	recursive-weak-chain-depth-3-seed-803	recursive-weak-chain	oracle-map-hierarchy	11	2.945602152278e-4
recursive-cycle-holdout-v1	recursive-weak-chain-depth-3-seed-803	recursive-weak-chain	oracle-map-hierarchy	12	2.467337298484e-4
recursive-cycle-holdout-v1	recursive-weak-chain-depth-3-seed-803	recursive-weak-chain	oracle-map-hierarchy	13	2.142024620403e-4
recursive-cycle-holdout-v1	recursive-weak-chain-depth-3-seed-803	recursive-weak-chain	oracle-map-hierarchy	14	1.697066399402e-4
recursive-cycle-holdout-v1	recursive-weak-chain-depth-3-seed-803	recursive-weak-chain	oracle-map-hierarchy	15	1.452916357589e-4
recursive-cycle-holdout-v1	recursive-weak-chain-depth-3-seed-803	recursive-weak-chain	oracle-map-hierarchy	16	1.110741117561e-4
recursive-cycle-holdout-v1	recursive-weak-chain-depth-3-seed-803	recursive-weak-chain	oracle-map-hierarchy	17	8.067916692261e-5
recursive-cycle-holdout-v1	recursive-weak-chain-depth-3-seed-803	recursive-weak-chain	oracle-map-hierarchy	18	5.682143258246e-5
recursive-cycle-holdout-v1	recursive-weak-chain-depth-3-seed-803	recursive-weak-chain	oracle-map-hierarchy	19	4.476508062368e-5
recursive-cycle-holdout-v1	recursive-weak-chain-depth-3-seed-803	recursive-weak-chain	oracle-map-hierarchy	20	4.092844362526e-5
recursive-cycle-holdout-v1	recursive-weak-chain-depth-3-seed-803	recursive-weak-chain	oracle-map-hierarchy	21	3.961933714031e-5
recursive-cycle-holdout-v1	recursive-weak-chain-depth-3-seed-803	recursive-weak-chain	oracle-map-hierarchy	22	3.559476527200e-5
recursive-cycle-holdout-v1	recursive-weak-chain-depth-3-seed-803	recursive-weak-chain	oracle-map-hierarchy	23	3.063122599072e-5
recursive-cycle-holdout-v1	recursive-weak-chain-depth-3-seed-803	recursive-weak-chain	oracle-map-hierarchy	24	2.910562128100e-5
recursive-cycle-holdout-v1	recursive-weak-chain-depth-3-seed-803	recursive-weak-chain	oracle-map-hierarchy	25	2.675245919746e-5
recursive-cycle-holdout-v1	recursive-weak-chain-depth-3-seed-803	recursive-weak-chain	oracle-map-hierarchy	26	2.469985954444e-5
recursive-cycle-holdout-v1	recursive-weak-chain-depth-3-seed-803	recursive-weak-chain	oracle-map-hierarchy	27	2.023521194529e-5
recursive-cycle-holdout-v1	recursive-weak-chain-depth-3-seed-803	recursive-weak-chain	oracle-map-hierarchy	28	1.873267475581e-5
recursive-cycle-holdout-v1	recursive-weak-chain-depth-3-seed-803	recursive-weak-chain	oracle-map-hierarchy	29	1.659520202154e-5
recursive-cycle-holdout-v1	recursive-weak-chain-depth-3-seed-803	recursive-weak-chain	oracle-map-hierarchy	30	1.157083619159e-5
recursive-cycle-holdout-v1	recursive-weak-chain-depth-3-seed-803	recursive-weak-chain	oracle-map-hierarchy	31	9.233656214521e-6
recursive-cycle-holdout-v1	recursive-weak-chain-depth-3-seed-803	recursive-weak-chain	oracle-map-hierarchy	32	7.698515830084e-6
recursive-cycle-holdout-v1	recursive-weak-chain-depth-3-seed-803	recursive-weak-chain	oracle-map-hierarchy	33	7.070788800955e-6
recursive-cycle-holdout-v1	recursive-weak-chain-depth-3-seed-803	recursive-weak-chain	oracle-map-hierarchy	34	5.502485169616e-6
recursive-cycle-holdout-v1	recursive-weak-chain-depth-3-seed-803	recursive-weak-chain	oracle-map-hierarchy	35	4.694207206765e-6
recursive-cycle-holdout-v1	recursive-weak-chain-depth-3-seed-803	recursive-weak-chain	oracle-map-hierarchy	36	3.909054363375e-6
recursive-cycle-holdout-v1	recursive-weak-chain-depth-3-seed-803	recursive-weak-chain	oracle-map-hierarchy	37	3.262123284819e-6
recursive-cycle-holdout-v1	recursive-weak-chain-depth-3-seed-803	recursive-weak-chain	oracle-map-hierarchy	38	3.128051971776e-6
recursive-cycle-holdout-v1	recursive-weak-chain-depth-3-seed-803	recursive-weak-chain	oracle-map-hierarchy	39	3.001248446562e-6
recursive-cycle-holdout-v1	recursive-weak-chain-depth-3-seed-803	recursive-weak-chain	oracle-map-hierarchy	40	2.959577607269e-6
recursive-cycle-holdout-v1	recursive-weak-chain-depth-3-seed-803	recursive-weak-chain	oracle-map-hierarchy	41	3.505753255180e-6
recursive-cycle-holdout-v1	recursive-weak-chain-depth-3-seed-803	recursive-weak-chain	oracle-map-hierarchy	42	3.522803104656e-6
recursive-cycle-holdout-v1	recursive-weak-chain-depth-3-seed-803	recursive-weak-chain	oracle-map-hierarchy	43	3.413473499626e-6
recursive-cycle-holdout-v1	recursive-weak-chain-depth-3-seed-803	recursive-weak-chain	oracle-map-hierarchy	44	3.509607966475e-6
recursive-cycle-holdout-v1	recursive-weak-chain-depth-3-seed-803	recursive-weak-chain	oracle-map-hierarchy	45	3.426798514759e-6
recursive-cycle-holdout-v1	recursive-weak-chain-depth-3-seed-803	recursive-weak-chain	oracle-map-hierarchy	46	3.094396582860e-6
recursive-cycle-holdout-v1	recursive-weak-chain-depth-3-seed-803	recursive-weak-chain	oracle-map-hierarchy	47	3.104960237687e-6
recursive-cycle-holdout-v1	recursive-weak-chain-depth-3-seed-803	recursive-weak-chain	oracle-map-hierarchy	48	2.856273933864e-6
recursive-cycle-holdout-v1	recursive-weak-chain-depth-3-seed-803	recursive-weak-chain	oracle-map-hierarchy	49	2.865501832692e-6
recursive-cycle-holdout-v1	recursive-weak-chain-depth-3-seed-803	recursive-weak-chain	oracle-map-hierarchy	50	2.493214513902e-6
recursive-cycle-holdout-v1	recursive-weak-chain-depth-3-seed-803	recursive-weak-chain	oracle-map-hierarchy	51	2.233666926164e-6
recursive-cycle-holdout-v1	recursive-weak-chain-depth-3-seed-803	recursive-weak-chain	oracle-map-hierarchy	52	1.975096773782e-6
recursive-cycle-holdout-v1	recursive-weak-chain-depth-3-seed-803	recursive-weak-chain	oracle-map-hierarchy	53	1.782861692239e-6
recursive-cycle-holdout-v1	recursive-weak-chain-depth-3-seed-803	recursive-weak-chain	oracle-map-hierarchy	54	1.702384276158e-6
recursive-cycle-holdout-v1	recursive-weak-chain-depth-3-seed-803	recursive-weak-chain	oracle-map-hierarchy	55	1.642327077021e-6
recursive-cycle-holdout-v1	recursive-weak-chain-depth-3-seed-803	recursive-weak-chain	oracle-map-hierarchy	56	1.768869862685e-6
recursive-cycle-holdout-v1	recursive-weak-chain-depth-3-seed-803	recursive-weak-chain	oracle-map-hierarchy	57	1.921982359788e-6
recursive-cycle-holdout-v1	recursive-weak-chain-depth-3-seed-803	recursive-weak-chain	oracle-map-hierarchy	58	1.976799296646e-6
recursive-cycle-holdout-v1	recursive-weak-chain-depth-3-seed-803	recursive-weak-chain	oracle-map-hierarchy	59	2.002514834346e-6
recursive-cycle-holdout-v1	recursive-weak-chain-depth-3-seed-803	recursive-weak-chain	oracle-map-hierarchy	60	2.214036504389e-6
recursive-cycle-holdout-v1	recursive-weak-chain-depth-3-seed-803	recursive-weak-chain	oracle-map-hierarchy	61	1.925619513486e-6
recursive-cycle-holdout-v1	recursive-weak-chain-depth-3-seed-803	recursive-weak-chain	oracle-map-hierarchy	62	1.824754679176e-6
recursive-cycle-holdout-v1	recursive-weak-chain-depth-3-seed-803	recursive-weak-chain	oracle-map-hierarchy	63	1.870935785434e-6
recursive-cycle-holdout-v1	recursive-weak-chain-depth-3-seed-803	recursive-weak-chain	oracle-map-hierarchy	64	1.790128857929e-6
recursive-cycle-holdout-v1	recursive-weak-chain-depth-3-seed-803	recursive-weak-chain	oracle-map-hierarchy	65	1.376212827866e-6
recursive-cycle-holdout-v1	recursive-weak-chain-depth-3-seed-803	recursive-weak-chain	oracle-map-hierarchy	66	1.043945676526e-6
recursive-cycle-holdout-v1	recursive-weak-chain-depth-3-seed-803	recursive-weak-chain	oracle-map-hierarchy	67	1.078369045360e-6
recursive-cycle-holdout-v1	recursive-weak-chain-depth-3-seed-803	recursive-weak-chain	oracle-map-hierarchy	68	1.068862116708e-6
recursive-cycle-holdout-v1	recursive-weak-chain-depth-3-seed-803	recursive-weak-chain	oracle-map-hierarchy	69	1.040575442776e-6
recursive-cycle-holdout-v1	recursive-weak-chain-depth-3-seed-803	recursive-weak-chain	oracle-map-hierarchy	70	8.619508964930e-7
recursive-cycle-holdout-v1	recursive-weak-chain-depth-3-seed-803	recursive-weak-chain	oracle-map-hierarchy	71	7.437264482793e-7
recursive-cycle-holdout-v1	recursive-weak-chain-depth-3-seed-803	recursive-weak-chain	oracle-map-hierarchy	72	6.700741345047e-7
recursive-cycle-holdout-v1	recursive-weak-chain-depth-3-seed-803	recursive-weak-chain	oracle-map-hierarchy	73	5.412585938373e-7
recursive-cycle-holdout-v1	recursive-weak-chain-depth-3-seed-803	recursive-weak-chain	oracle-map-hierarchy	74	4.453189649066e-7
recursive-cycle-holdout-v1	recursive-weak-chain-depth-3-seed-803	recursive-weak-chain	oracle-map-hierarchy	75	3.864039878272e-7
recursive-cycle-holdout-v1	recursive-weak-chain-depth-3-seed-803	recursive-weak-chain	oracle-map-hierarchy	76	3.517883767039e-7
recursive-cycle-holdout-v1	recursive-weak-chain-depth-3-seed-803	recursive-weak-chain	oracle-map-hierarchy	77	3.462255167144e-7
recursive-cycle-holdout-v1	recursive-weak-chain-depth-3-seed-803	recursive-weak-chain	oracle-map-hierarchy	78	3.506388572195e-7
recursive-cycle-holdout-v1	recursive-weak-chain-depth-3-seed-803	recursive-weak-chain	oracle-map-hierarchy	79	3.509090180059e-7
recursive-cycle-holdout-v1	recursive-weak-chain-depth-3-seed-803	recursive-weak-chain	oracle-map-hierarchy	80	3.283834493572e-7
recursive-cycle-holdout-v1	recursive-weak-chain-depth-3-seed-803	recursive-weak-chain	oracle-map-hierarchy	81	2.901642257017e-7
recursive-cycle-holdout-v1	recursive-weak-chain-depth-3-seed-803	recursive-weak-chain	oracle-map-hierarchy	82	2.412509175539e-7
recursive-cycle-holdout-v1	recursive-weak-chain-depth-3-seed-803	recursive-weak-chain	oracle-map-hierarchy	83	1.958577544491e-7
recursive-cycle-holdout-v1	recursive-weak-chain-depth-3-seed-803	recursive-weak-chain	oracle-map-hierarchy	84	1.607381595306e-7
recursive-cycle-holdout-v1	recursive-weak-chain-depth-3-seed-803	recursive-weak-chain	oracle-map-hierarchy	85	1.274764511684e-7
recursive-cycle-holdout-v1	recursive-weak-chain-depth-3-seed-803	recursive-weak-chain	oracle-map-hierarchy	86	1.105302378057e-7
recursive-cycle-holdout-v1	recursive-weak-chain-depth-3-seed-803	recursive-weak-chain	oracle-map-hierarchy	87	9.543463607563e-8
recursive-cycle-holdout-v1	recursive-weak-chain-depth-3-seed-803	recursive-weak-chain	oracle-map-hierarchy	88	9.551646398276e-8
recursive-cycle-holdout-v1	recursive-weak-chain-depth-3-seed-803	recursive-weak-chain	oracle-map-hierarchy	89	9.360119320921e-8
recursive-cycle-holdout-v1	recursive-weak-chain-depth-3-seed-803	recursive-weak-chain	oracle-map-hierarchy	90	7.232723912176e-8
recursive-cycle-holdout-v1	recursive-weak-chain-depth-3-seed-803	recursive-weak-chain	oracle-map-hierarchy	91	7.373796729197e-8
recursive-cycle-holdout-v1	recursive-weak-chain-depth-3-seed-803	recursive-weak-chain	oracle-map-hierarchy	92	2.269450826221e-7
recursive-cycle-holdout-v1	recursive-weak-chain-depth-3-seed-803	recursive-weak-chain	oracle-map-hierarchy	93	1.093641295693e-7
recursive-cycle-holdout-v1	recursive-weak-chain-depth-3-seed-803	recursive-weak-chain	oracle-map-hierarchy	94	5.870900439071e-8
recursive-cycle-holdout-v1	recursive-weak-chain-depth-3-seed-803	recursive-weak-chain	oracle-map-hierarchy	95	4.851159608075e-8
recursive-cycle-holdout-v1	recursive-weak-chain-depth-3-seed-803	recursive-weak-chain	oracle-map-hierarchy	96	4.012517666572e-8
recursive-cycle-holdout-v1	recursive-weak-chain-depth-3-seed-803	recursive-weak-chain	oracle-map-hierarchy	97	3.322357898986e-8
recursive-cycle-holdout-v1	recursive-weak-chain-depth-3-seed-803	recursive-weak-chain	oracle-map-hierarchy	98	2.931469838331e-8
recursive-cycle-holdout-v1	recursive-weak-chain-depth-3-seed-803	recursive-weak-chain	oracle-map-hierarchy	99	2.288647805165e-8
recursive-cycle-holdout-v1	recursive-weak-chain-depth-3-seed-803	recursive-weak-chain	oracle-map-hierarchy	100	2.189039246088e-8
recursive-cycle-holdout-v1	recursive-weak-chain-depth-3-seed-803	recursive-weak-chain	oracle-map-hierarchy	101	2.401577610752e-8
recursive-cycle-holdout-v1	recursive-weak-chain-depth-3-seed-803	recursive-weak-chain	oracle-map-hierarchy	102	2.598006986634e-8
recursive-cycle-holdout-v1	recursive-weak-chain-depth-3-seed-803	recursive-weak-chain	oracle-map-hierarchy	103	2.496293248946e-8
recursive-cycle-holdout-v1	recursive-weak-chain-depth-3-seed-803	recursive-weak-chain	oracle-map-hierarchy	104	2.476705914233e-8
recursive-cycle-holdout-v1	recursive-weak-chain-depth-3-seed-803	recursive-weak-chain	oracle-map-hierarchy	105	2.213006715455e-8
recursive-cycle-holdout-v1	recursive-weak-chain-depth-3-seed-803	recursive-weak-chain	oracle-map-hierarchy	106	2.374766010955e-8
recursive-cycle-holdout-v1	recursive-weak-chain-depth-3-seed-803	recursive-weak-chain	oracle-map-hierarchy	107	2.699308070326e-8
recursive-cycle-holdout-v1	recursive-weak-chain-depth-3-seed-803	recursive-weak-chain	oracle-map-hierarchy	108	2.730436135787e-8
recursive-cycle-holdout-v1	recursive-weak-chain-depth-3-seed-803	recursive-weak-chain	oracle-map-hierarchy	109	2.631203445113e-8
recursive-cycle-holdout-v1	recursive-weak-chain-depth-3-seed-803	recursive-weak-chain	oracle-map-hierarchy	110	2.763916826205e-8
recursive-cycle-holdout-v1	recursive-weak-chain-depth-3-seed-803	recursive-weak-chain	oracle-map-hierarchy	111	2.836396674660e-8
recursive-cycle-holdout-v1	recursive-weak-chain-depth-3-seed-803	recursive-weak-chain	oracle-map-hierarchy	112	2.958186591077e-8
recursive-cycle-holdout-v1	recursive-weak-chain-depth-3-seed-803	recursive-weak-chain	oracle-map-hierarchy	113	2.479275018001e-8
recursive-cycle-holdout-v1	recursive-weak-chain-depth-3-seed-803	recursive-weak-chain	oracle-map-hierarchy	114	2.355846318904e-8
recursive-cycle-holdout-v1	recursive-weak-chain-depth-3-seed-803	recursive-weak-chain	oracle-map-hierarchy	115	2.084672772801e-8
recursive-cycle-holdout-v1	recursive-weak-chain-depth-3-seed-803	recursive-weak-chain	oracle-map-hierarchy	116	1.983615203359e-8
recursive-cycle-holdout-v1	recursive-weak-chain-depth-3-seed-803	recursive-weak-chain	oracle-map-hierarchy	117	1.501144415665e-8
recursive-cycle-holdout-v1	recursive-weak-chain-depth-3-seed-803	recursive-weak-chain	oracle-map-hierarchy	118	1.313161664786e-8
recursive-cycle-holdout-v1	recursive-weak-chain-depth-3-seed-803	recursive-weak-chain	oracle-map-hierarchy	119	1.179699298804e-8
recursive-cycle-holdout-v1	recursive-weak-chain-depth-3-seed-803	recursive-weak-chain	oracle-map-hierarchy	120	1.008762932004e-8
recursive-cycle-holdout-v1	recursive-weak-chain-depth-3-seed-803	recursive-weak-chain	oracle-map-hierarchy	121	9.620301725032e-9
recursive-cycle-holdout-v1	recursive-weak-chain-depth-3-seed-803	recursive-weak-chain	oracle-map-hierarchy	122	8.809087331624e-9
recursive-cycle-holdout-v1	recursive-weak-chain-depth-3-seed-803	recursive-weak-chain	oracle-map-hierarchy	123	9.028155036763e-9
recursive-cycle-holdout-v1	recursive-weak-chain-depth-3-seed-803	recursive-weak-chain	oracle-map-hierarchy	124	8.700710888830e-9
recursive-cycle-holdout-v1	recursive-weak-chain-depth-3-seed-803	recursive-weak-chain	oracle-map-hierarchy	125	9.387329733065e-9
recursive-cycle-holdout-v1	recursive-weak-chain-depth-3-seed-803	recursive-weak-chain	oracle-map-hierarchy	126	6.500474930766e-9
recursive-cycle-holdout-v1	recursive-weak-chain-depth-3-seed-803	recursive-weak-chain	oracle-map-hierarchy	127	6.089119217643e-9
recursive-cycle-holdout-v1	recursive-weak-chain-depth-3-seed-803	recursive-weak-chain	oracle-map-hierarchy	128	5.453947570123e-9
recursive-cycle-holdout-v1	recursive-weak-chain-depth-3-seed-803	recursive-weak-chain	oracle-map-hierarchy	129	3.528063489085e-9
recursive-cycle-holdout-v1	recursive-weak-chain-depth-3-seed-803	recursive-weak-chain	oracle-map-hierarchy	130	2.940604117190e-9
recursive-cycle-holdout-v1	recursive-weak-chain-depth-3-seed-803	recursive-weak-chain	oracle-map-hierarchy	131	2.607662370269e-9
recursive-cycle-holdout-v1	recursive-weak-chain-depth-3-seed-803	recursive-weak-chain	oracle-map-hierarchy	132	2.374371377654e-9
recursive-cycle-holdout-v1	recursive-weak-chain-depth-3-seed-803	recursive-weak-chain	oracle-map-hierarchy	133	1.837206979736e-9
recursive-cycle-holdout-v1	recursive-weak-chain-depth-3-seed-803	recursive-weak-chain	oracle-map-hierarchy	134	1.501640727452e-9
recursive-cycle-holdout-v1	recursive-weak-chain-depth-3-seed-803	recursive-weak-chain	oracle-map-hierarchy	135	9.776584018048e-10
recursive-cycle-holdout-v1	recursive-weak-chain-depth-3-seed-803	recursive-weak-chain	oracle-map-hierarchy	136	1.352578513959e-9
recursive-cycle-holdout-v1	recursive-weak-chain-depth-3-seed-803	recursive-weak-chain	oracle-map-hierarchy	137	1.015483288962e-9
recursive-cycle-holdout-v1	recursive-weak-chain-depth-3-seed-803	recursive-weak-chain	oracle-map-hierarchy	138	4.076643446248e-10
recursive-cycle-holdout-v1	recursive-weak-chain-depth-3-seed-803	recursive-weak-chain	oracle-map-hierarchy	139	3.784133421730e-10
recursive-cycle-holdout-v1	recursive-weak-chain-depth-3-seed-803	recursive-weak-chain	oracle-map-hierarchy	140	2.777125421974e-10
recursive-cycle-holdout-v1	recursive-weak-chain-depth-3-seed-803	recursive-weak-chain	oracle-map-hierarchy	141	3.234057295625e-10
recursive-cycle-holdout-v1	recursive-weak-chain-depth-3-seed-803	recursive-weak-chain	oracle-map-hierarchy	142	2.511841295707e-10
recursive-cycle-holdout-v1	recursive-weak-chain-depth-3-seed-803	recursive-weak-chain	oracle-map-hierarchy	143	1.128156610321e-10
recursive-cycle-holdout-v1	recursive-weak-chain-depth-3-seed-803	recursive-weak-chain	oracle-map-hierarchy	144	1.080047788314e-10
recursive-cycle-holdout-v1	recursive-weak-chain-depth-3-seed-803	recursive-weak-chain	oracle-map-hierarchy	145	1.050743851296e-10
recursive-cycle-holdout-v1	recursive-weak-chain-depth-3-seed-803	recursive-weak-chain	oracle-map-hierarchy	146	7.769918117343e-11
recursive-cycle-holdout-v1	recursive-weak-chain-depth-3-seed-803	recursive-weak-chain	recursive-one-shot	0	1.000000000000e0
recursive-cycle-holdout-v1	recursive-weak-chain-depth-3-seed-803	recursive-weak-chain	recursive-one-shot	1	1.204411165360e-2
recursive-cycle-holdout-v1	recursive-weak-chain-depth-3-seed-803	recursive-weak-chain	recursive-one-shot	2	8.376693001879e-3
recursive-cycle-holdout-v1	recursive-weak-chain-depth-3-seed-803	recursive-weak-chain	recursive-one-shot	3	5.342998214850e-3
recursive-cycle-holdout-v1	recursive-weak-chain-depth-3-seed-803	recursive-weak-chain	recursive-one-shot	4	3.761860264687e-3
recursive-cycle-holdout-v1	recursive-weak-chain-depth-3-seed-803	recursive-weak-chain	recursive-one-shot	5	3.170380060680e-3
recursive-cycle-holdout-v1	recursive-weak-chain-depth-3-seed-803	recursive-weak-chain	recursive-one-shot	6	1.800957640320e-3
recursive-cycle-holdout-v1	recursive-weak-chain-depth-3-seed-803	recursive-weak-chain	recursive-one-shot	7	1.290323639061e-3
recursive-cycle-holdout-v1	recursive-weak-chain-depth-3-seed-803	recursive-weak-chain	recursive-one-shot	8	9.144269040077e-4
recursive-cycle-holdout-v1	recursive-weak-chain-depth-3-seed-803	recursive-weak-chain	recursive-one-shot	9	7.365818950085e-4
recursive-cycle-holdout-v1	recursive-weak-chain-depth-3-seed-803	recursive-weak-chain	recursive-one-shot	10	5.912528207591e-4
recursive-cycle-holdout-v1	recursive-weak-chain-depth-3-seed-803	recursive-weak-chain	recursive-one-shot	11	4.512296466870e-4
recursive-cycle-holdout-v1	recursive-weak-chain-depth-3-seed-803	recursive-weak-chain	recursive-one-shot	12	3.967272984666e-4
recursive-cycle-holdout-v1	recursive-weak-chain-depth-3-seed-803	recursive-weak-chain	recursive-one-shot	13	3.228874823135e-4
recursive-cycle-holdout-v1	recursive-weak-chain-depth-3-seed-803	recursive-weak-chain	recursive-one-shot	14	2.606715836533e-4
recursive-cycle-holdout-v1	recursive-weak-chain-depth-3-seed-803	recursive-weak-chain	recursive-one-shot	15	1.850799710410e-4
recursive-cycle-holdout-v1	recursive-weak-chain-depth-3-seed-803	recursive-weak-chain	recursive-one-shot	16	1.537911914882e-4
recursive-cycle-holdout-v1	recursive-weak-chain-depth-3-seed-803	recursive-weak-chain	recursive-one-shot	17	1.290470828657e-4
recursive-cycle-holdout-v1	recursive-weak-chain-depth-3-seed-803	recursive-weak-chain	recursive-one-shot	18	9.590046134903e-5
recursive-cycle-holdout-v1	recursive-weak-chain-depth-3-seed-803	recursive-weak-chain	recursive-one-shot	19	8.065754038506e-5
recursive-cycle-holdout-v1	recursive-weak-chain-depth-3-seed-803	recursive-weak-chain	recursive-one-shot	20	7.347494089002e-5
recursive-cycle-holdout-v1	recursive-weak-chain-depth-3-seed-803	recursive-weak-chain	recursive-one-shot	21	7.111954490524e-5
recursive-cycle-holdout-v1	recursive-weak-chain-depth-3-seed-803	recursive-weak-chain	recursive-one-shot	22	6.321420419858e-5
recursive-cycle-holdout-v1	recursive-weak-chain-depth-3-seed-803	recursive-weak-chain	recursive-one-shot	23	5.643846813163e-5
recursive-cycle-holdout-v1	recursive-weak-chain-depth-3-seed-803	recursive-weak-chain	recursive-one-shot	24	5.304598583181e-5
recursive-cycle-holdout-v1	recursive-weak-chain-depth-3-seed-803	recursive-weak-chain	recursive-one-shot	25	4.012486559314e-5
recursive-cycle-holdout-v1	recursive-weak-chain-depth-3-seed-803	recursive-weak-chain	recursive-one-shot	26	3.228867363859e-5
recursive-cycle-holdout-v1	recursive-weak-chain-depth-3-seed-803	recursive-weak-chain	recursive-one-shot	27	2.978964716530e-5
recursive-cycle-holdout-v1	recursive-weak-chain-depth-3-seed-803	recursive-weak-chain	recursive-one-shot	28	2.900957143139e-5
recursive-cycle-holdout-v1	recursive-weak-chain-depth-3-seed-803	recursive-weak-chain	recursive-one-shot	29	2.414075818331e-5
recursive-cycle-holdout-v1	recursive-weak-chain-depth-3-seed-803	recursive-weak-chain	recursive-one-shot	30	1.732156541518e-5
recursive-cycle-holdout-v1	recursive-weak-chain-depth-3-seed-803	recursive-weak-chain	recursive-one-shot	31	1.499785720377e-5
recursive-cycle-holdout-v1	recursive-weak-chain-depth-3-seed-803	recursive-weak-chain	recursive-one-shot	32	1.398969542772e-5
recursive-cycle-holdout-v1	recursive-weak-chain-depth-3-seed-803	recursive-weak-chain	recursive-one-shot	33	1.270934256795e-5
recursive-cycle-holdout-v1	recursive-weak-chain-depth-3-seed-803	recursive-weak-chain	recursive-one-shot	34	1.223549928633e-5
recursive-cycle-holdout-v1	recursive-weak-chain-depth-3-seed-803	recursive-weak-chain	recursive-one-shot	35	8.594511790122e-6
recursive-cycle-holdout-v1	recursive-weak-chain-depth-3-seed-803	recursive-weak-chain	recursive-one-shot	36	8.041411954742e-6
recursive-cycle-holdout-v1	recursive-weak-chain-depth-3-seed-803	recursive-weak-chain	recursive-one-shot	37	5.539099794295e-6
recursive-cycle-holdout-v1	recursive-weak-chain-depth-3-seed-803	recursive-weak-chain	recursive-one-shot	38	4.777457216204e-6
recursive-cycle-holdout-v1	recursive-weak-chain-depth-3-seed-803	recursive-weak-chain	recursive-one-shot	39	4.407920813400e-6
recursive-cycle-holdout-v1	recursive-weak-chain-depth-3-seed-803	recursive-weak-chain	recursive-one-shot	40	4.502744699389e-6
recursive-cycle-holdout-v1	recursive-weak-chain-depth-3-seed-803	recursive-weak-chain	recursive-one-shot	41	4.594931697170e-6
recursive-cycle-holdout-v1	recursive-weak-chain-depth-3-seed-803	recursive-weak-chain	recursive-one-shot	42	4.563057751042e-6
recursive-cycle-holdout-v1	recursive-weak-chain-depth-3-seed-803	recursive-weak-chain	recursive-one-shot	43	4.186229797728e-6
recursive-cycle-holdout-v1	recursive-weak-chain-depth-3-seed-803	recursive-weak-chain	recursive-one-shot	44	3.956713639519e-6
recursive-cycle-holdout-v1	recursive-weak-chain-depth-3-seed-803	recursive-weak-chain	recursive-one-shot	45	2.777441446317e-6
recursive-cycle-holdout-v1	recursive-weak-chain-depth-3-seed-803	recursive-weak-chain	recursive-one-shot	46	2.678410122133e-6
recursive-cycle-holdout-v1	recursive-weak-chain-depth-3-seed-803	recursive-weak-chain	recursive-one-shot	47	2.699195552486e-6
recursive-cycle-holdout-v1	recursive-weak-chain-depth-3-seed-803	recursive-weak-chain	recursive-one-shot	48	2.502639180276e-6
recursive-cycle-holdout-v1	recursive-weak-chain-depth-3-seed-803	recursive-weak-chain	recursive-one-shot	49	2.384209951930e-6
recursive-cycle-holdout-v1	recursive-weak-chain-depth-3-seed-803	recursive-weak-chain	recursive-one-shot	50	2.426110222607e-6
recursive-cycle-holdout-v1	recursive-weak-chain-depth-3-seed-803	recursive-weak-chain	recursive-one-shot	51	2.057120982022e-6
recursive-cycle-holdout-v1	recursive-weak-chain-depth-3-seed-803	recursive-weak-chain	recursive-one-shot	52	1.948516193353e-6
recursive-cycle-holdout-v1	recursive-weak-chain-depth-3-seed-803	recursive-weak-chain	recursive-one-shot	53	1.677176630779e-6
recursive-cycle-holdout-v1	recursive-weak-chain-depth-3-seed-803	recursive-weak-chain	recursive-one-shot	54	1.561106961638e-6
recursive-cycle-holdout-v1	recursive-weak-chain-depth-3-seed-803	recursive-weak-chain	recursive-one-shot	55	1.278100682915e-6
recursive-cycle-holdout-v1	recursive-weak-chain-depth-3-seed-803	recursive-weak-chain	recursive-one-shot	56	8.416096432325e-7
recursive-cycle-holdout-v1	recursive-weak-chain-depth-3-seed-803	recursive-weak-chain	recursive-one-shot	57	7.629529324313e-7
recursive-cycle-holdout-v1	recursive-weak-chain-depth-3-seed-803	recursive-weak-chain	recursive-one-shot	58	7.067511617745e-7
recursive-cycle-holdout-v1	recursive-weak-chain-depth-3-seed-803	recursive-weak-chain	recursive-one-shot	59	5.580610158484e-7
recursive-cycle-holdout-v1	recursive-weak-chain-depth-3-seed-803	recursive-weak-chain	recursive-one-shot	60	5.110446155633e-7
recursive-cycle-holdout-v1	recursive-weak-chain-depth-3-seed-803	recursive-weak-chain	recursive-one-shot	61	3.916994819292e-7
recursive-cycle-holdout-v1	recursive-weak-chain-depth-3-seed-803	recursive-weak-chain	recursive-one-shot	62	3.846991619397e-7
recursive-cycle-holdout-v1	recursive-weak-chain-depth-3-seed-803	recursive-weak-chain	recursive-one-shot	63	3.151320239978e-7
recursive-cycle-holdout-v1	recursive-weak-chain-depth-3-seed-803	recursive-weak-chain	recursive-one-shot	64	3.086630357535e-7
recursive-cycle-holdout-v1	recursive-weak-chain-depth-3-seed-803	recursive-weak-chain	recursive-one-shot	65	2.338828138954e-7
recursive-cycle-holdout-v1	recursive-weak-chain-depth-3-seed-803	recursive-weak-chain	recursive-one-shot	66	2.254008532872e-7
recursive-cycle-holdout-v1	recursive-weak-chain-depth-3-seed-803	recursive-weak-chain	recursive-one-shot	67	2.444167110942e-7
recursive-cycle-holdout-v1	recursive-weak-chain-depth-3-seed-803	recursive-weak-chain	recursive-one-shot	68	2.856717718000e-7
recursive-cycle-holdout-v1	recursive-weak-chain-depth-3-seed-803	recursive-weak-chain	recursive-one-shot	69	2.351319066859e-7
recursive-cycle-holdout-v1	recursive-weak-chain-depth-3-seed-803	recursive-weak-chain	recursive-one-shot	70	2.635738602465e-7
recursive-cycle-holdout-v1	recursive-weak-chain-depth-3-seed-803	recursive-weak-chain	recursive-one-shot	71	2.738938372100e-7
recursive-cycle-holdout-v1	recursive-weak-chain-depth-3-seed-803	recursive-weak-chain	recursive-one-shot	72	1.948851558628e-7
recursive-cycle-holdout-v1	recursive-weak-chain-depth-3-seed-803	recursive-weak-chain	recursive-one-shot	73	1.857353133949e-7
recursive-cycle-holdout-v1	recursive-weak-chain-depth-3-seed-803	recursive-weak-chain	recursive-one-shot	74	1.617939926674e-7
recursive-cycle-holdout-v1	recursive-weak-chain-depth-3-seed-803	recursive-weak-chain	recursive-one-shot	75	1.636148682069e-7
recursive-cycle-holdout-v1	recursive-weak-chain-depth-3-seed-803	recursive-weak-chain	recursive-one-shot	76	1.185773538271e-7
recursive-cycle-holdout-v1	recursive-weak-chain-depth-3-seed-803	recursive-weak-chain	recursive-one-shot	77	9.156739822401e-8
recursive-cycle-holdout-v1	recursive-weak-chain-depth-3-seed-803	recursive-weak-chain	recursive-one-shot	78	7.506533617174e-8
recursive-cycle-holdout-v1	recursive-weak-chain-depth-3-seed-803	recursive-weak-chain	recursive-one-shot	79	5.817862277263e-8
recursive-cycle-holdout-v1	recursive-weak-chain-depth-3-seed-803	recursive-weak-chain	recursive-one-shot	80	4.683694776372e-8
recursive-cycle-holdout-v1	recursive-weak-chain-depth-3-seed-803	recursive-weak-chain	recursive-one-shot	81	2.947299181585e-8
recursive-cycle-holdout-v1	recursive-weak-chain-depth-3-seed-803	recursive-weak-chain	recursive-one-shot	82	2.562233321821e-8
recursive-cycle-holdout-v1	recursive-weak-chain-depth-3-seed-803	recursive-weak-chain	recursive-one-shot	83	1.938829431587e-8
recursive-cycle-holdout-v1	recursive-weak-chain-depth-3-seed-803	recursive-weak-chain	recursive-one-shot	84	1.625424824405e-8
recursive-cycle-holdout-v1	recursive-weak-chain-depth-3-seed-803	recursive-weak-chain	recursive-one-shot	85	1.084330515866e-8
recursive-cycle-holdout-v1	recursive-weak-chain-depth-3-seed-803	recursive-weak-chain	recursive-one-shot	86	1.025124623417e-8
recursive-cycle-holdout-v1	recursive-weak-chain-depth-3-seed-803	recursive-weak-chain	recursive-one-shot	87	6.050969268400e-9
recursive-cycle-holdout-v1	recursive-weak-chain-depth-3-seed-803	recursive-weak-chain	recursive-one-shot	88	3.349464503911e-9
recursive-cycle-holdout-v1	recursive-weak-chain-depth-3-seed-803	recursive-weak-chain	recursive-one-shot	89	2.865348684240e-9
recursive-cycle-holdout-v1	recursive-weak-chain-depth-3-seed-803	recursive-weak-chain	recursive-one-shot	90	2.232256194555e-9
recursive-cycle-holdout-v1	recursive-weak-chain-depth-3-seed-803	recursive-weak-chain	recursive-one-shot	91	1.642553034402e-9
recursive-cycle-holdout-v1	recursive-weak-chain-depth-3-seed-803	recursive-weak-chain	recursive-one-shot	92	1.298320895637e-9
recursive-cycle-holdout-v1	recursive-weak-chain-depth-3-seed-803	recursive-weak-chain	recursive-one-shot	93	8.749726116388e-10
recursive-cycle-holdout-v1	recursive-weak-chain-depth-3-seed-803	recursive-weak-chain	recursive-one-shot	94	7.854764410974e-10
recursive-cycle-holdout-v1	recursive-weak-chain-depth-3-seed-803	recursive-weak-chain	recursive-one-shot	95	5.376148889311e-10
recursive-cycle-holdout-v1	recursive-weak-chain-depth-3-seed-803	recursive-weak-chain	recursive-one-shot	96	3.766073928329e-10
recursive-cycle-holdout-v1	recursive-weak-chain-depth-3-seed-803	recursive-weak-chain	recursive-one-shot	97	2.565248638845e-10
recursive-cycle-holdout-v1	recursive-weak-chain-depth-3-seed-803	recursive-weak-chain	recursive-one-shot	98	2.500612064836e-10
recursive-cycle-holdout-v1	recursive-weak-chain-depth-3-seed-803	recursive-weak-chain	recursive-one-shot	99	1.713255528620e-10
recursive-cycle-holdout-v1	recursive-weak-chain-depth-3-seed-803	recursive-weak-chain	recursive-one-shot	100	9.687827535775e-11
recursive-cycle-holdout-v1	recursive-nearly-nested-depth-2-seed-804	recursive-nearly-nested	baseline-symmetric-map	0	1.000000000000e0
recursive-cycle-holdout-v1	recursive-nearly-nested-depth-2-seed-804	recursive-nearly-nested	baseline-symmetric-map	1	2.151474358058e-2
recursive-cycle-holdout-v1	recursive-nearly-nested-depth-2-seed-804	recursive-nearly-nested	baseline-symmetric-map	2	4.831330901964e-3
recursive-cycle-holdout-v1	recursive-nearly-nested-depth-2-seed-804	recursive-nearly-nested	baseline-symmetric-map	3	2.537171300018e-3
recursive-cycle-holdout-v1	recursive-nearly-nested-depth-2-seed-804	recursive-nearly-nested	baseline-symmetric-map	4	4.675947785594e-3
recursive-cycle-holdout-v1	recursive-nearly-nested-depth-2-seed-804	recursive-nearly-nested	baseline-symmetric-map	5	8.035950168570e-3
recursive-cycle-holdout-v1	recursive-nearly-nested-depth-2-seed-804	recursive-nearly-nested	baseline-symmetric-map	6	2.520128554004e-3
recursive-cycle-holdout-v1	recursive-nearly-nested-depth-2-seed-804	recursive-nearly-nested	baseline-symmetric-map	7	2.720863512488e-3
recursive-cycle-holdout-v1	recursive-nearly-nested-depth-2-seed-804	recursive-nearly-nested	baseline-symmetric-map	8	6.282759674903e-3
recursive-cycle-holdout-v1	recursive-nearly-nested-depth-2-seed-804	recursive-nearly-nested	baseline-symmetric-map	9	2.478716975072e-3
recursive-cycle-holdout-v1	recursive-nearly-nested-depth-2-seed-804	recursive-nearly-nested	baseline-symmetric-map	10	9.315520409261e-4
recursive-cycle-holdout-v1	recursive-nearly-nested-depth-2-seed-804	recursive-nearly-nested	baseline-symmetric-map	11	1.063751314188e-3
recursive-cycle-holdout-v1	recursive-nearly-nested-depth-2-seed-804	recursive-nearly-nested	baseline-symmetric-map	12	2.000156230672e-3
recursive-cycle-holdout-v1	recursive-nearly-nested-depth-2-seed-804	recursive-nearly-nested	baseline-symmetric-map	13	8.398206885739e-4
recursive-cycle-holdout-v1	recursive-nearly-nested-depth-2-seed-804	recursive-nearly-nested	baseline-symmetric-map	14	2.387520435401e-4
recursive-cycle-holdout-v1	recursive-nearly-nested-depth-2-seed-804	recursive-nearly-nested	baseline-symmetric-map	15	2.807062178283e-4
recursive-cycle-holdout-v1	recursive-nearly-nested-depth-2-seed-804	recursive-nearly-nested	baseline-symmetric-map	16	4.778041947066e-4
recursive-cycle-holdout-v1	recursive-nearly-nested-depth-2-seed-804	recursive-nearly-nested	baseline-symmetric-map	17	1.135415859573e-4
recursive-cycle-holdout-v1	recursive-nearly-nested-depth-2-seed-804	recursive-nearly-nested	baseline-symmetric-map	18	1.838991180371e-5
recursive-cycle-holdout-v1	recursive-nearly-nested-depth-2-seed-804	recursive-nearly-nested	baseline-symmetric-map	19	2.834229524777e-6
recursive-cycle-holdout-v1	recursive-nearly-nested-depth-2-seed-804	recursive-nearly-nested	baseline-symmetric-map	20	9.991511742833e-7
recursive-cycle-holdout-v1	recursive-nearly-nested-depth-2-seed-804	recursive-nearly-nested	baseline-symmetric-map	21	1.293166810432e-6
recursive-cycle-holdout-v1	recursive-nearly-nested-depth-2-seed-804	recursive-nearly-nested	baseline-symmetric-map	22	2.195611101116e-6
recursive-cycle-holdout-v1	recursive-nearly-nested-depth-2-seed-804	recursive-nearly-nested	baseline-symmetric-map	23	7.653966024160e-7
recursive-cycle-holdout-v1	recursive-nearly-nested-depth-2-seed-804	recursive-nearly-nested	baseline-symmetric-map	24	4.851344829237e-7
recursive-cycle-holdout-v1	recursive-nearly-nested-depth-2-seed-804	recursive-nearly-nested	baseline-symmetric-map	25	1.106785835281e-6
recursive-cycle-holdout-v1	recursive-nearly-nested-depth-2-seed-804	recursive-nearly-nested	baseline-symmetric-map	26	1.056141264772e-6
recursive-cycle-holdout-v1	recursive-nearly-nested-depth-2-seed-804	recursive-nearly-nested	baseline-symmetric-map	27	2.688791270309e-7
recursive-cycle-holdout-v1	recursive-nearly-nested-depth-2-seed-804	recursive-nearly-nested	baseline-symmetric-map	28	4.757555451780e-7
recursive-cycle-holdout-v1	recursive-nearly-nested-depth-2-seed-804	recursive-nearly-nested	baseline-symmetric-map	29	8.150476091708e-7
recursive-cycle-holdout-v1	recursive-nearly-nested-depth-2-seed-804	recursive-nearly-nested	baseline-symmetric-map	30	1.161335118318e-7
recursive-cycle-holdout-v1	recursive-nearly-nested-depth-2-seed-804	recursive-nearly-nested	baseline-symmetric-map	31	2.171654826253e-8
recursive-cycle-holdout-v1	recursive-nearly-nested-depth-2-seed-804	recursive-nearly-nested	baseline-symmetric-map	32	1.971699744622e-9
recursive-cycle-holdout-v1	recursive-nearly-nested-depth-2-seed-804	recursive-nearly-nested	baseline-symmetric-map	33	1.717454030718e-10
recursive-cycle-holdout-v1	recursive-nearly-nested-depth-2-seed-804	recursive-nearly-nested	baseline-symmetric-map	34	4.005257198405e-11
recursive-cycle-holdout-v1	recursive-nearly-nested-depth-2-seed-804	recursive-nearly-nested	oracle-map-hierarchy	0	1.000000000000e0
recursive-cycle-holdout-v1	recursive-nearly-nested-depth-2-seed-804	recursive-nearly-nested	oracle-map-hierarchy	1	4.589649108833e-3
recursive-cycle-holdout-v1	recursive-nearly-nested-depth-2-seed-804	recursive-nearly-nested	oracle-map-hierarchy	2	4.809847278954e-4
recursive-cycle-holdout-v1	recursive-nearly-nested-depth-2-seed-804	recursive-nearly-nested	oracle-map-hierarchy	3	3.827281501612e-5
recursive-cycle-holdout-v1	recursive-nearly-nested-depth-2-seed-804	recursive-nearly-nested	oracle-map-hierarchy	4	3.344623574491e-6
recursive-cycle-holdout-v1	recursive-nearly-nested-depth-2-seed-804	recursive-nearly-nested	oracle-map-hierarchy	5	3.406055222694e-7
recursive-cycle-holdout-v1	recursive-nearly-nested-depth-2-seed-804	recursive-nearly-nested	oracle-map-hierarchy	6	1.667613459505e-8
recursive-cycle-holdout-v1	recursive-nearly-nested-depth-2-seed-804	recursive-nearly-nested	oracle-map-hierarchy	7	6.926526797323e-10
recursive-cycle-holdout-v1	recursive-nearly-nested-depth-2-seed-804	recursive-nearly-nested	oracle-map-hierarchy	8	3.212377332164e-11
recursive-cycle-holdout-v1	recursive-nearly-nested-depth-2-seed-804	recursive-nearly-nested	recursive-one-shot	0	1.000000000000e0
recursive-cycle-holdout-v1	recursive-nearly-nested-depth-2-seed-804	recursive-nearly-nested	recursive-one-shot	1	4.546303333337e-3
recursive-cycle-holdout-v1	recursive-nearly-nested-depth-2-seed-804	recursive-nearly-nested	recursive-one-shot	2	3.931849939236e-4
recursive-cycle-holdout-v1	recursive-nearly-nested-depth-2-seed-804	recursive-nearly-nested	recursive-one-shot	3	2.678577791425e-5
recursive-cycle-holdout-v1	recursive-nearly-nested-depth-2-seed-804	recursive-nearly-nested	recursive-one-shot	4	1.790992659735e-6
recursive-cycle-holdout-v1	recursive-nearly-nested-depth-2-seed-804	recursive-nearly-nested	recursive-one-shot	5	8.067265376455e-8
recursive-cycle-holdout-v1	recursive-nearly-nested-depth-2-seed-804	recursive-nearly-nested	recursive-one-shot	6	3.033307988929e-9
recursive-cycle-holdout-v1	recursive-nearly-nested-depth-2-seed-804	recursive-nearly-nested	recursive-one-shot	7	1.341311872463e-10
recursive-cycle-holdout-v1	recursive-nearly-nested-depth-2-seed-804	recursive-nearly-nested	recursive-one-shot	8	6.093759370013e-12
recursive-cycle-holdout-v1	recursive-nearly-nested-depth-2-seed-804	recursive-nearly-nested	cycle-screened-automatic	0	1.000000000000e0
recursive-cycle-holdout-v1	recursive-nearly-nested-depth-2-seed-804	recursive-nearly-nested	cycle-screened-automatic	1	4.546303333337e-3
recursive-cycle-holdout-v1	recursive-nearly-nested-depth-2-seed-804	recursive-nearly-nested	cycle-screened-automatic	2	3.931849939236e-4
recursive-cycle-holdout-v1	recursive-nearly-nested-depth-2-seed-804	recursive-nearly-nested	cycle-screened-automatic	3	2.678577791425e-5
recursive-cycle-holdout-v1	recursive-nearly-nested-depth-2-seed-804	recursive-nearly-nested	cycle-screened-automatic	4	1.790992659735e-6
recursive-cycle-holdout-v1	recursive-nearly-nested-depth-2-seed-804	recursive-nearly-nested	cycle-screened-automatic	5	8.067265376455e-8
recursive-cycle-holdout-v1	recursive-nearly-nested-depth-2-seed-804	recursive-nearly-nested	cycle-screened-automatic	6	3.033307988929e-9
recursive-cycle-holdout-v1	recursive-nearly-nested-depth-2-seed-804	recursive-nearly-nested	cycle-screened-automatic	7	1.341311872463e-10
recursive-cycle-holdout-v1	recursive-nearly-nested-depth-2-seed-804	recursive-nearly-nested	cycle-screened-automatic	8	6.093759370013e-12
recursive-cycle-holdout-v1	recursive-nearly-nested-depth-3-seed-805	recursive-nearly-nested	baseline-symmetric-map	0	1.000000000000e0
recursive-cycle-holdout-v1	recursive-nearly-nested-depth-3-seed-805	recursive-nearly-nested	baseline-symmetric-map	1	7.572472389234e-2
recursive-cycle-holdout-v1	recursive-nearly-nested-depth-3-seed-805	recursive-nearly-nested	baseline-symmetric-map	2	2.175790243035e-2
recursive-cycle-holdout-v1	recursive-nearly-nested-depth-3-seed-805	recursive-nearly-nested	baseline-symmetric-map	3	1.552105793377e-2
recursive-cycle-holdout-v1	recursive-nearly-nested-depth-3-seed-805	recursive-nearly-nested	baseline-symmetric-map	4	3.612757923123e-2
recursive-cycle-holdout-v1	recursive-nearly-nested-depth-3-seed-805	recursive-nearly-nested	baseline-symmetric-map	5	1.899704017602e-2
recursive-cycle-holdout-v1	recursive-nearly-nested-depth-3-seed-805	recursive-nearly-nested	baseline-symmetric-map	6	7.692654063448e-3
recursive-cycle-holdout-v1	recursive-nearly-nested-depth-3-seed-805	recursive-nearly-nested	baseline-symmetric-map	7	4.675854737847e-3
recursive-cycle-holdout-v1	recursive-nearly-nested-depth-3-seed-805	recursive-nearly-nested	baseline-symmetric-map	8	5.794259114177e-3
recursive-cycle-holdout-v1	recursive-nearly-nested-depth-3-seed-805	recursive-nearly-nested	baseline-symmetric-map	9	7.695646217068e-3
recursive-cycle-holdout-v1	recursive-nearly-nested-depth-3-seed-805	recursive-nearly-nested	baseline-symmetric-map	10	3.514126420961e-3
recursive-cycle-holdout-v1	recursive-nearly-nested-depth-3-seed-805	recursive-nearly-nested	baseline-symmetric-map	11	1.379781635372e-3
recursive-cycle-holdout-v1	recursive-nearly-nested-depth-3-seed-805	recursive-nearly-nested	baseline-symmetric-map	12	8.603617749968e-4
recursive-cycle-holdout-v1	recursive-nearly-nested-depth-3-seed-805	recursive-nearly-nested	baseline-symmetric-map	13	1.206080750870e-3
recursive-cycle-holdout-v1	recursive-nearly-nested-depth-3-seed-805	recursive-nearly-nested	baseline-symmetric-map	14	2.481837540096e-3
recursive-cycle-holdout-v1	recursive-nearly-nested-depth-3-seed-805	recursive-nearly-nested	baseline-symmetric-map	15	1.671874751877e-3
recursive-cycle-holdout-v1	recursive-nearly-nested-depth-3-seed-805	recursive-nearly-nested	baseline-symmetric-map	16	8.144513331386e-4
recursive-cycle-holdout-v1	recursive-nearly-nested-depth-3-seed-805	recursive-nearly-nested	baseline-symmetric-map	17	1.030876556650e-3
recursive-cycle-holdout-v1	recursive-nearly-nested-depth-3-seed-805	recursive-nearly-nested	baseline-symmetric-map	18	1.627933643313e-3
recursive-cycle-holdout-v1	recursive-nearly-nested-depth-3-seed-805	recursive-nearly-nested	baseline-symmetric-map	19	1.199430144253e-3
recursive-cycle-holdout-v1	recursive-nearly-nested-depth-3-seed-805	recursive-nearly-nested	baseline-symmetric-map	20	3.227091351580e-4
recursive-cycle-holdout-v1	recursive-nearly-nested-depth-3-seed-805	recursive-nearly-nested	baseline-symmetric-map	21	6.719552193333e-5
recursive-cycle-holdout-v1	recursive-nearly-nested-depth-3-seed-805	recursive-nearly-nested	baseline-symmetric-map	22	1.907349988928e-5
recursive-cycle-holdout-v1	recursive-nearly-nested-depth-3-seed-805	recursive-nearly-nested	baseline-symmetric-map	23	1.003775359506e-5
recursive-cycle-holdout-v1	recursive-nearly-nested-depth-3-seed-805	recursive-nearly-nested	baseline-symmetric-map	24	1.589935423019e-5
recursive-cycle-holdout-v1	recursive-nearly-nested-depth-3-seed-805	recursive-nearly-nested	baseline-symmetric-map	25	2.074440251827e-5
recursive-cycle-holdout-v1	recursive-nearly-nested-depth-3-seed-805	recursive-nearly-nested	baseline-symmetric-map	26	8.876863290757e-6
recursive-cycle-holdout-v1	recursive-nearly-nested-depth-3-seed-805	recursive-nearly-nested	baseline-symmetric-map	27	3.343036318110e-6
recursive-cycle-holdout-v1	recursive-nearly-nested-depth-3-seed-805	recursive-nearly-nested	baseline-symmetric-map	28	5.156136277989e-6
recursive-cycle-holdout-v1	recursive-nearly-nested-depth-3-seed-805	recursive-nearly-nested	baseline-symmetric-map	29	8.648602632376e-6
recursive-cycle-holdout-v1	recursive-nearly-nested-depth-3-seed-805	recursive-nearly-nested	baseline-symmetric-map	30	3.169433101621e-6
recursive-cycle-holdout-v1	recursive-nearly-nested-depth-3-seed-805	recursive-nearly-nested	baseline-symmetric-map	31	1.747863078673e-6
recursive-cycle-holdout-v1	recursive-nearly-nested-depth-3-seed-805	recursive-nearly-nested	baseline-symmetric-map	32	4.551260431326e-6
recursive-cycle-holdout-v1	recursive-nearly-nested-depth-3-seed-805	recursive-nearly-nested	baseline-symmetric-map	33	6.153571468538e-6
recursive-cycle-holdout-v1	recursive-nearly-nested-depth-3-seed-805	recursive-nearly-nested	baseline-symmetric-map	34	1.847136144300e-6
recursive-cycle-holdout-v1	recursive-nearly-nested-depth-3-seed-805	recursive-nearly-nested	baseline-symmetric-map	35	4.452122736454e-7
recursive-cycle-holdout-v1	recursive-nearly-nested-depth-3-seed-805	recursive-nearly-nested	baseline-symmetric-map	36	1.332216628170e-7
recursive-cycle-holdout-v1	recursive-nearly-nested-depth-3-seed-805	recursive-nearly-nested	baseline-symmetric-map	37	2.893073834857e-8
recursive-cycle-holdout-v1	recursive-nearly-nested-depth-3-seed-805	recursive-nearly-nested	baseline-symmetric-map	38	8.250019322971e-9
recursive-cycle-holdout-v1	recursive-nearly-nested-depth-3-seed-805	recursive-nearly-nested	baseline-symmetric-map	39	1.624788282465e-9
recursive-cycle-holdout-v1	recursive-nearly-nested-depth-3-seed-805	recursive-nearly-nested	baseline-symmetric-map	40	3.105210824416e-10
recursive-cycle-holdout-v1	recursive-nearly-nested-depth-3-seed-805	recursive-nearly-nested	baseline-symmetric-map	41	5.757026014578e-11
recursive-cycle-holdout-v1	recursive-nearly-nested-depth-3-seed-805	recursive-nearly-nested	oracle-map-hierarchy	0	1.000000000000e0
recursive-cycle-holdout-v1	recursive-nearly-nested-depth-3-seed-805	recursive-nearly-nested	oracle-map-hierarchy	1	1.005087485501e-2
recursive-cycle-holdout-v1	recursive-nearly-nested-depth-3-seed-805	recursive-nearly-nested	oracle-map-hierarchy	2	1.339858030145e-3
recursive-cycle-holdout-v1	recursive-nearly-nested-depth-3-seed-805	recursive-nearly-nested	oracle-map-hierarchy	3	2.460552860915e-4
recursive-cycle-holdout-v1	recursive-nearly-nested-depth-3-seed-805	recursive-nearly-nested	oracle-map-hierarchy	4	4.789355998930e-5
recursive-cycle-holdout-v1	recursive-nearly-nested-depth-3-seed-805	recursive-nearly-nested	oracle-map-hierarchy	5	8.372820920399e-6
recursive-cycle-holdout-v1	recursive-nearly-nested-depth-3-seed-805	recursive-nearly-nested	oracle-map-hierarchy	6	1.434211520930e-6
recursive-cycle-holdout-v1	recursive-nearly-nested-depth-3-seed-805	recursive-nearly-nested	oracle-map-hierarchy	7	1.236759297114e-7
recursive-cycle-holdout-v1	recursive-nearly-nested-depth-3-seed-805	recursive-nearly-nested	oracle-map-hierarchy	8	9.380065391550e-9
recursive-cycle-holdout-v1	recursive-nearly-nested-depth-3-seed-805	recursive-nearly-nested	oracle-map-hierarchy	9	1.125121821392e-9
recursive-cycle-holdout-v1	recursive-nearly-nested-depth-3-seed-805	recursive-nearly-nested	oracle-map-hierarchy	10	1.754252620742e-10
recursive-cycle-holdout-v1	recursive-nearly-nested-depth-3-seed-805	recursive-nearly-nested	oracle-map-hierarchy	11	1.129345202842e-11
recursive-cycle-holdout-v1	recursive-nearly-nested-depth-3-seed-805	recursive-nearly-nested	recursive-one-shot	0	1.000000000000e0
recursive-cycle-holdout-v1	recursive-nearly-nested-depth-3-seed-805	recursive-nearly-nested	recursive-one-shot	1	1.829792991825e-2
recursive-cycle-holdout-v1	recursive-nearly-nested-depth-3-seed-805	recursive-nearly-nested	recursive-one-shot	2	4.342202119489e-3
recursive-cycle-holdout-v1	recursive-nearly-nested-depth-3-seed-805	recursive-nearly-nested	recursive-one-shot	3	1.177990499516e-2
recursive-cycle-holdout-v1	recursive-nearly-nested-depth-3-seed-805	recursive-nearly-nested	recursive-one-shot	4	1.450633310074e-3
recursive-cycle-holdout-v1	recursive-nearly-nested-depth-3-seed-805	recursive-nearly-nested	recursive-one-shot	5	1.762319851331e-4
recursive-cycle-holdout-v1	recursive-nearly-nested-depth-3-seed-805	recursive-nearly-nested	recursive-one-shot	6	2.150012868512e-5
recursive-cycle-holdout-v1	recursive-nearly-nested-depth-3-seed-805	recursive-nearly-nested	recursive-one-shot	7	1.973125044620e-6
recursive-cycle-holdout-v1	recursive-nearly-nested-depth-3-seed-805	recursive-nearly-nested	recursive-one-shot	8	2.083266218818e-7
recursive-cycle-holdout-v1	recursive-nearly-nested-depth-3-seed-805	recursive-nearly-nested	recursive-one-shot	9	1.843511348076e-8
recursive-cycle-holdout-v1	recursive-nearly-nested-depth-3-seed-805	recursive-nearly-nested	recursive-one-shot	10	1.426962583111e-9
recursive-cycle-holdout-v1	recursive-nearly-nested-depth-3-seed-805	recursive-nearly-nested	recursive-one-shot	11	1.016107677711e-10
recursive-cycle-holdout-v1	recursive-nearly-nested-depth-3-seed-805	recursive-nearly-nested	recursive-one-shot	12	6.893639677152e-12
recursive-cycle-holdout-v1	recursive-dominant-pair-depth-2-seed-806	recursive-dominant-pair	baseline-symmetric-map	0	1.000000000000e0
recursive-cycle-holdout-v1	recursive-dominant-pair-depth-2-seed-806	recursive-dominant-pair	baseline-symmetric-map	1	3.607689183697e-2
recursive-cycle-holdout-v1	recursive-dominant-pair-depth-2-seed-806	recursive-dominant-pair	baseline-symmetric-map	2	6.130995974346e-3
recursive-cycle-holdout-v1	recursive-dominant-pair-depth-2-seed-806	recursive-dominant-pair	baseline-symmetric-map	3	1.594048607464e-3
recursive-cycle-holdout-v1	recursive-dominant-pair-depth-2-seed-806	recursive-dominant-pair	baseline-symmetric-map	4	4.169309263036e-4
recursive-cycle-holdout-v1	recursive-dominant-pair-depth-2-seed-806	recursive-dominant-pair	baseline-symmetric-map	5	9.656631386116e-5
recursive-cycle-holdout-v1	recursive-dominant-pair-depth-2-seed-806	recursive-dominant-pair	baseline-symmetric-map	6	2.215608978784e-5
recursive-cycle-holdout-v1	recursive-dominant-pair-depth-2-seed-806	recursive-dominant-pair	baseline-symmetric-map	7	7.449304175625e-6
recursive-cycle-holdout-v1	recursive-dominant-pair-depth-2-seed-806	recursive-dominant-pair	baseline-symmetric-map	8	1.227965858899e-6
recursive-cycle-holdout-v1	recursive-dominant-pair-depth-2-seed-806	recursive-dominant-pair	baseline-symmetric-map	9	2.438386495085e-7
recursive-cycle-holdout-v1	recursive-dominant-pair-depth-2-seed-806	recursive-dominant-pair	baseline-symmetric-map	10	5.779694352703e-8
recursive-cycle-holdout-v1	recursive-dominant-pair-depth-2-seed-806	recursive-dominant-pair	baseline-symmetric-map	11	1.407742845091e-8
recursive-cycle-holdout-v1	recursive-dominant-pair-depth-2-seed-806	recursive-dominant-pair	baseline-symmetric-map	12	2.909849849381e-9
recursive-cycle-holdout-v1	recursive-dominant-pair-depth-2-seed-806	recursive-dominant-pair	baseline-symmetric-map	13	5.134139059482e-10
recursive-cycle-holdout-v1	recursive-dominant-pair-depth-2-seed-806	recursive-dominant-pair	baseline-symmetric-map	14	8.410978643323e-11
recursive-cycle-holdout-v1	recursive-dominant-pair-depth-2-seed-806	recursive-dominant-pair	oracle-map-hierarchy	0	1.000000000000e0
recursive-cycle-holdout-v1	recursive-dominant-pair-depth-2-seed-806	recursive-dominant-pair	oracle-map-hierarchy	1	9.536018143698e-3
recursive-cycle-holdout-v1	recursive-dominant-pair-depth-2-seed-806	recursive-dominant-pair	oracle-map-hierarchy	2	9.818247589955e-4
recursive-cycle-holdout-v1	recursive-dominant-pair-depth-2-seed-806	recursive-dominant-pair	oracle-map-hierarchy	3	1.562941842029e-4
recursive-cycle-holdout-v1	recursive-dominant-pair-depth-2-seed-806	recursive-dominant-pair	oracle-map-hierarchy	4	1.660382641265e-5
recursive-cycle-holdout-v1	recursive-dominant-pair-depth-2-seed-806	recursive-dominant-pair	oracle-map-hierarchy	5	2.379792186265e-6
recursive-cycle-holdout-v1	recursive-dominant-pair-depth-2-seed-806	recursive-dominant-pair	oracle-map-hierarchy	6	1.388141630153e-7
recursive-cycle-holdout-v1	recursive-dominant-pair-depth-2-seed-806	recursive-dominant-pair	oracle-map-hierarchy	7	1.328807980002e-8
recursive-cycle-holdout-v1	recursive-dominant-pair-depth-2-seed-806	recursive-dominant-pair	oracle-map-hierarchy	8	9.361429425285e-10
recursive-cycle-holdout-v1	recursive-dominant-pair-depth-2-seed-806	recursive-dominant-pair	oracle-map-hierarchy	9	1.014160774815e-10
recursive-cycle-holdout-v1	recursive-dominant-pair-depth-2-seed-806	recursive-dominant-pair	oracle-map-hierarchy	10	6.792780009360e-12
recursive-cycle-holdout-v1	recursive-dominant-pair-depth-2-seed-806	recursive-dominant-pair	recursive-one-shot	0	1.000000000000e0
recursive-cycle-holdout-v1	recursive-dominant-pair-depth-2-seed-806	recursive-dominant-pair	recursive-one-shot	1	6.044596812727e-3
recursive-cycle-holdout-v1	recursive-dominant-pair-depth-2-seed-806	recursive-dominant-pair	recursive-one-shot	2	3.881331143096e-4
recursive-cycle-holdout-v1	recursive-dominant-pair-depth-2-seed-806	recursive-dominant-pair	recursive-one-shot	3	3.375976506223e-5
recursive-cycle-holdout-v1	recursive-dominant-pair-depth-2-seed-806	recursive-dominant-pair	recursive-one-shot	4	2.152138041423e-6
recursive-cycle-holdout-v1	recursive-dominant-pair-depth-2-seed-806	recursive-dominant-pair	recursive-one-shot	5	1.312533804990e-7
recursive-cycle-holdout-v1	recursive-dominant-pair-depth-2-seed-806	recursive-dominant-pair	recursive-one-shot	6	7.995975893058e-9
recursive-cycle-holdout-v1	recursive-dominant-pair-depth-2-seed-806	recursive-dominant-pair	recursive-one-shot	7	3.857794849354e-10
recursive-cycle-holdout-v1	recursive-dominant-pair-depth-2-seed-806	recursive-dominant-pair	recursive-one-shot	8	2.362647682965e-11
recursive-cycle-holdout-v1	recursive-communities-depth-3-seed-807	recursive-communities	baseline-symmetric-map	0	1.000000000000e0
recursive-cycle-holdout-v1	recursive-communities-depth-3-seed-807	recursive-communities	baseline-symmetric-map	1	5.417114933165e-2
recursive-cycle-holdout-v1	recursive-communities-depth-3-seed-807	recursive-communities	baseline-symmetric-map	2	2.049340221707e-2
recursive-cycle-holdout-v1	recursive-communities-depth-3-seed-807	recursive-communities	baseline-symmetric-map	3	1.153353737037e-2
recursive-cycle-holdout-v1	recursive-communities-depth-3-seed-807	recursive-communities	baseline-symmetric-map	4	6.868830378246e-3
recursive-cycle-holdout-v1	recursive-communities-depth-3-seed-807	recursive-communities	baseline-symmetric-map	5	4.431990059413e-3
recursive-cycle-holdout-v1	recursive-communities-depth-3-seed-807	recursive-communities	baseline-symmetric-map	6	3.389585468510e-3
recursive-cycle-holdout-v1	recursive-communities-depth-3-seed-807	recursive-communities	baseline-symmetric-map	7	2.354049548838e-3
recursive-cycle-holdout-v1	recursive-communities-depth-3-seed-807	recursive-communities	baseline-symmetric-map	8	1.948115105251e-3
recursive-cycle-holdout-v1	recursive-communities-depth-3-seed-807	recursive-communities	baseline-symmetric-map	9	2.118142620791e-3
recursive-cycle-holdout-v1	recursive-communities-depth-3-seed-807	recursive-communities	baseline-symmetric-map	10	1.976193604740e-3
recursive-cycle-holdout-v1	recursive-communities-depth-3-seed-807	recursive-communities	baseline-symmetric-map	11	1.561881212938e-3
recursive-cycle-holdout-v1	recursive-communities-depth-3-seed-807	recursive-communities	baseline-symmetric-map	12	1.577703897855e-3
recursive-cycle-holdout-v1	recursive-communities-depth-3-seed-807	recursive-communities	baseline-symmetric-map	13	1.774610428454e-3
recursive-cycle-holdout-v1	recursive-communities-depth-3-seed-807	recursive-communities	baseline-symmetric-map	14	1.853017368225e-3
recursive-cycle-holdout-v1	recursive-communities-depth-3-seed-807	recursive-communities	baseline-symmetric-map	15	1.955375166035e-3
recursive-cycle-holdout-v1	recursive-communities-depth-3-seed-807	recursive-communities	baseline-symmetric-map	16	1.358421687786e-3
recursive-cycle-holdout-v1	recursive-communities-depth-3-seed-807	recursive-communities	baseline-symmetric-map	17	9.145934246028e-4
recursive-cycle-holdout-v1	recursive-communities-depth-3-seed-807	recursive-communities	baseline-symmetric-map	18	4.839653044473e-4
recursive-cycle-holdout-v1	recursive-communities-depth-3-seed-807	recursive-communities	baseline-symmetric-map	19	3.477377847562e-4
recursive-cycle-holdout-v1	recursive-communities-depth-3-seed-807	recursive-communities	baseline-symmetric-map	20	2.526084142370e-4
recursive-cycle-holdout-v1	recursive-communities-depth-3-seed-807	recursive-communities	baseline-symmetric-map	21	1.615271631789e-4
recursive-cycle-holdout-v1	recursive-communities-depth-3-seed-807	recursive-communities	baseline-symmetric-map	22	8.788102428566e-5
recursive-cycle-holdout-v1	recursive-communities-depth-3-seed-807	recursive-communities	baseline-symmetric-map	23	4.639924056971e-5
recursive-cycle-holdout-v1	recursive-communities-depth-3-seed-807	recursive-communities	baseline-symmetric-map	24	2.558308557523e-5
recursive-cycle-holdout-v1	recursive-communities-depth-3-seed-807	recursive-communities	baseline-symmetric-map	25	1.599246141551e-5
recursive-cycle-holdout-v1	recursive-communities-depth-3-seed-807	recursive-communities	baseline-symmetric-map	26	1.012342675002e-5
recursive-cycle-holdout-v1	recursive-communities-depth-3-seed-807	recursive-communities	baseline-symmetric-map	27	4.673704809311e-6
recursive-cycle-holdout-v1	recursive-communities-depth-3-seed-807	recursive-communities	baseline-symmetric-map	28	3.103464501936e-6
recursive-cycle-holdout-v1	recursive-communities-depth-3-seed-807	recursive-communities	baseline-symmetric-map	29	2.180665890869e-6
recursive-cycle-holdout-v1	recursive-communities-depth-3-seed-807	recursive-communities	baseline-symmetric-map	30	1.188407205902e-6
recursive-cycle-holdout-v1	recursive-communities-depth-3-seed-807	recursive-communities	baseline-symmetric-map	31	7.828552109467e-7
recursive-cycle-holdout-v1	recursive-communities-depth-3-seed-807	recursive-communities	baseline-symmetric-map	32	3.224282798180e-7
recursive-cycle-holdout-v1	recursive-communities-depth-3-seed-807	recursive-communities	baseline-symmetric-map	33	1.594375894675e-7
recursive-cycle-holdout-v1	recursive-communities-depth-3-seed-807	recursive-communities	baseline-symmetric-map	34	9.030004497806e-8
recursive-cycle-holdout-v1	recursive-communities-depth-3-seed-807	recursive-communities	baseline-symmetric-map	35	5.778767600198e-8
recursive-cycle-holdout-v1	recursive-communities-depth-3-seed-807	recursive-communities	baseline-symmetric-map	36	2.682146026881e-8
recursive-cycle-holdout-v1	recursive-communities-depth-3-seed-807	recursive-communities	baseline-symmetric-map	37	1.284740667375e-8
recursive-cycle-holdout-v1	recursive-communities-depth-3-seed-807	recursive-communities	baseline-symmetric-map	38	6.805095616589e-9
recursive-cycle-holdout-v1	recursive-communities-depth-3-seed-807	recursive-communities	baseline-symmetric-map	39	3.333385995468e-9
recursive-cycle-holdout-v1	recursive-communities-depth-3-seed-807	recursive-communities	baseline-symmetric-map	40	1.684517670332e-9
recursive-cycle-holdout-v1	recursive-communities-depth-3-seed-807	recursive-communities	baseline-symmetric-map	41	6.552690968069e-10
recursive-cycle-holdout-v1	recursive-communities-depth-3-seed-807	recursive-communities	baseline-symmetric-map	42	3.023351787646e-10
recursive-cycle-holdout-v1	recursive-communities-depth-3-seed-807	recursive-communities	baseline-symmetric-map	43	1.443973522251e-10
recursive-cycle-holdout-v1	recursive-communities-depth-3-seed-807	recursive-communities	baseline-symmetric-map	44	6.358583422442e-11
recursive-cycle-holdout-v1	recursive-communities-depth-3-seed-807	recursive-communities	oracle-map-hierarchy	0	1.000000000000e0
recursive-cycle-holdout-v1	recursive-communities-depth-3-seed-807	recursive-communities	oracle-map-hierarchy	1	1.523831463620e-2
recursive-cycle-holdout-v1	recursive-communities-depth-3-seed-807	recursive-communities	oracle-map-hierarchy	2	4.531025753889e-3
recursive-cycle-holdout-v1	recursive-communities-depth-3-seed-807	recursive-communities	oracle-map-hierarchy	3	1.512661314261e-3
recursive-cycle-holdout-v1	recursive-communities-depth-3-seed-807	recursive-communities	oracle-map-hierarchy	4	7.130101694456e-4
recursive-cycle-holdout-v1	recursive-communities-depth-3-seed-807	recursive-communities	oracle-map-hierarchy	5	3.679368861485e-4
recursive-cycle-holdout-v1	recursive-communities-depth-3-seed-807	recursive-communities	oracle-map-hierarchy	6	1.771651379694e-4
recursive-cycle-holdout-v1	recursive-communities-depth-3-seed-807	recursive-communities	oracle-map-hierarchy	7	9.539919371016e-5
recursive-cycle-holdout-v1	recursive-communities-depth-3-seed-807	recursive-communities	oracle-map-hierarchy	8	5.137405738473e-5
recursive-cycle-holdout-v1	recursive-communities-depth-3-seed-807	recursive-communities	oracle-map-hierarchy	9	1.820673657793e-5
recursive-cycle-holdout-v1	recursive-communities-depth-3-seed-807	recursive-communities	oracle-map-hierarchy	10	6.928543732400e-6
recursive-cycle-holdout-v1	recursive-communities-depth-3-seed-807	recursive-communities	oracle-map-hierarchy	11	4.028559129240e-6
recursive-cycle-holdout-v1	recursive-communities-depth-3-seed-807	recursive-communities	oracle-map-hierarchy	12	1.740879158880e-6
recursive-cycle-holdout-v1	recursive-communities-depth-3-seed-807	recursive-communities	oracle-map-hierarchy	13	9.327621895456e-7
recursive-cycle-holdout-v1	recursive-communities-depth-3-seed-807	recursive-communities	oracle-map-hierarchy	14	4.484314613869e-7
recursive-cycle-holdout-v1	recursive-communities-depth-3-seed-807	recursive-communities	oracle-map-hierarchy	15	2.268375775317e-7
recursive-cycle-holdout-v1	recursive-communities-depth-3-seed-807	recursive-communities	oracle-map-hierarchy	16	8.159017223164e-8
recursive-cycle-holdout-v1	recursive-communities-depth-3-seed-807	recursive-communities	oracle-map-hierarchy	17	2.666049177979e-8
recursive-cycle-holdout-v1	recursive-communities-depth-3-seed-807	recursive-communities	oracle-map-hierarchy	18	1.043073771445e-8
recursive-cycle-holdout-v1	recursive-communities-depth-3-seed-807	recursive-communities	oracle-map-hierarchy	19	4.401032715342e-9
recursive-cycle-holdout-v1	recursive-communities-depth-3-seed-807	recursive-communities	oracle-map-hierarchy	20	1.447220873894e-9
recursive-cycle-holdout-v1	recursive-communities-depth-3-seed-807	recursive-communities	oracle-map-hierarchy	21	4.387914406980e-10
recursive-cycle-holdout-v1	recursive-communities-depth-3-seed-807	recursive-communities	oracle-map-hierarchy	22	1.627784694836e-10
recursive-cycle-holdout-v1	recursive-communities-depth-3-seed-807	recursive-communities	oracle-map-hierarchy	23	5.664850468225e-11
recursive-cycle-holdout-v1	recursive-communities-depth-3-seed-807	recursive-communities	recursive-one-shot	0	1.000000000000e0
recursive-cycle-holdout-v1	recursive-communities-depth-3-seed-807	recursive-communities	recursive-one-shot	1	1.787652834363e-2
recursive-cycle-holdout-v1	recursive-communities-depth-3-seed-807	recursive-communities	recursive-one-shot	2	6.407801694685e-3
recursive-cycle-holdout-v1	recursive-communities-depth-3-seed-807	recursive-communities	recursive-one-shot	3	2.505564258175e-3
recursive-cycle-holdout-v1	recursive-communities-depth-3-seed-807	recursive-communities	recursive-one-shot	4	9.189591757547e-4
recursive-cycle-holdout-v1	recursive-communities-depth-3-seed-807	recursive-communities	recursive-one-shot	5	2.680652065368e-4
recursive-cycle-holdout-v1	recursive-communities-depth-3-seed-807	recursive-communities	recursive-one-shot	6	8.722018653986e-5
recursive-cycle-holdout-v1	recursive-communities-depth-3-seed-807	recursive-communities	recursive-one-shot	7	2.331596680307e-5
recursive-cycle-holdout-v1	recursive-communities-depth-3-seed-807	recursive-communities	recursive-one-shot	8	9.406868920534e-6
recursive-cycle-holdout-v1	recursive-communities-depth-3-seed-807	recursive-communities	recursive-one-shot	9	3.109692077132e-6
recursive-cycle-holdout-v1	recursive-communities-depth-3-seed-807	recursive-communities	recursive-one-shot	10	9.172856187218e-7
recursive-cycle-holdout-v1	recursive-communities-depth-3-seed-807	recursive-communities	recursive-one-shot	11	2.578402533845e-7
recursive-cycle-holdout-v1	recursive-communities-depth-3-seed-807	recursive-communities	recursive-one-shot	12	9.187683442603e-8
recursive-cycle-holdout-v1	recursive-communities-depth-3-seed-807	recursive-communities	recursive-one-shot	13	3.180767830422e-8
recursive-cycle-holdout-v1	recursive-communities-depth-3-seed-807	recursive-communities	recursive-one-shot	14	1.354340234651e-8
recursive-cycle-holdout-v1	recursive-communities-depth-3-seed-807	recursive-communities	recursive-one-shot	15	5.531338478703e-9
recursive-cycle-holdout-v1	recursive-communities-depth-3-seed-807	recursive-communities	recursive-one-shot	16	1.718187651415e-9
recursive-cycle-holdout-v1	recursive-communities-depth-3-seed-807	recursive-communities	recursive-one-shot	17	4.751118785500e-10
recursive-cycle-holdout-v1	recursive-communities-depth-3-seed-807	recursive-communities	recursive-one-shot	18	1.679425198277e-10
recursive-cycle-holdout-v1	recursive-communities-depth-3-seed-807	recursive-communities	recursive-one-shot	19	3.880720872229e-11
